,4812 Dear Heig (Zip),482 Detr (Zip),482 Detr (Zip),482 High Park (Zip),482 Detr (Zip),482 Detr (Zip),482 Detr (Zip),482 Detr (Zip),482 Detr (Zip),482 Detr (Zip),482 Detr (Zip),482 Detr (Zip),48212 Hamtr (Zip),482 Detr (Zip),482 Detr (Zip),482 Detr (Zip),482 Detr (Zip),482 Detr (Zip),482 Detr (Zip),482 Detr (Zip),482 Detr (Zip),482 Detr (Zip),482 Harp Woo (Zip)
,,,,,,,,,,,,,,,,,,,,,,,
,,,,,,,,,,,,,,,,,,,,,,,
2021 Demographics:,,,,,,,,,,,,,,,,,,,,,,,
 ,,,,,,,,,,,,,,,,,,,,,,,
Q1 2022 Employe,"7,396","21,461","19,251","8,912","4,035","4,905","2,428","23,737","3,570","10,720","5,038","4,325","6,551","5,010","6,002","2,092","7,717","1,235","6,447","5,736","3,783","4,027","2,849"
Q1 2022 Establish,"1,094",995,"1,028",768,493,680,340,"1,338",279,521,464,375,819,545,580,332,392,186,"1,256","1,169",665,775,376
 ,,,,,,,,,,,,,,,,,,,,,,,
Total Populati,"36,042","12,412","16,273","27,595","26,122","40,941","20,625","19,747","8,732","28,151","28,965","6,648","37,466","25,139","21,450","12,887","5,798","6,965","45,060","36,908","23,286","41,066","13,877"
Total Househo,"13,657","6,887","7,135","10,966","10,259","13,148","8,191","10,490","3,559","8,467","8,745","2,111","11,506","8,765","9,545","4,968","2,385","2,773","17,683","14,163","8,900","14,000","5,644"
Female Populati,"18,828","5,914","8,335","14,301","14,075","21,544","10,828","10,830","4,407","13,637","14,378","3,062","17,822","13,072","11,450","6,839","2,858","3,689","24,120","20,345","12,423","21,866","7,458"
  % Female ,52.2%,47.7%,51.2%,51.8%,53.9%,52.6%,52.5%,54.8%,50.5%,48.4%,49.6%,46.1%,47.6%,52.0%,53.4%,53.1%,49.3%,53.0%,53.5%,55.1%,53.4%,53.3%,53.7%
Male Populati,"17,214","6,498","7,939","13,294","12,047","19,397","9,797","8,918","4,325","14,514","14,586","3,585","19,644","12,067","10,000","6,048","2,940","3,276","20,940","16,563","10,863","19,200","6,419"
  % Male ,47.8%,52.4%,48.8%,48.2%,46.1%,47.4%,47.5%,45.2%,49.5%,51.6%,50.4%,53.9%,52.4%,48.0%,46.6%,46.9%,50.7%,47.0%,46.5%,44.9%,46.7%,46.8%,46.3%
Populati Density (per Sq. Mi.),"4,684.80","6,081.51","4,716.59","3,287.06","5,158.48","6,285.47","6,535.86","3,149.27","3,023.38","3,755.60","5,733.09","1,535.28","6,883.00","4,096.75","3,919.43","3,592.09","2,490.81","2,989.92","5,266.34","7,116.86","3,903.10","7,098.93","5,377.20"
 ,,,,,,,,,,,,,,,,,,,,,,,
Employed Civilian Population 16+,,,,,,,,,,,,,,,,,,,,,,,
Total,"13,591","3,871","5,207","7,958","7,510","13,209","5,567","6,226","2,609","8,938","8,465","1,666","11,120","6,925","6,407","4,192","2,118","2,037","15,630","11,979","8,087","15,507","5,899"
  White Collar,59.8%,60.5%,60.9%,43.0%,42.3%,39.0%,43.2%,66.6%,43.5%,29.1%,29.0%,49.2%,38.6%,35.8%,56.5%,46.8%,48.8%,52.4%,50.6%,57.4%,50.4%,49.6%,58.3%
  Blue Collar,40.2%,39.5%,39.1%,57.0%,57.7%,61.0%,56.8%,33.4%,56.5%,70.9%,71.0%,50.8%,61.4%,64.2%,43.5%,53.2%,51.2%,47.6%,49.4%,42.6%,49.6%,50.4%,41.7%
 ,,,,,,,,,,,,,,,,,,,,,,,
Seasonal Population by Quarter:,,,,,,,,,,,,,,,,,,,,,,,
Q4 2018,82,51,33,37,74,38,41,78,14,53,83,23,67,41,66,33,10,18,38,41,30,95,35
Q1 2019,153,127,71,65,142,39,98,159,35,103,151,35,123,56,131,63,21,35,63,58,52,168,79
Q2 2019,156,132,73,65,145,39,98,176,37,100,152,35,126,56,136,65,22,35,63,58,54,171,79
Q3 2019,153,128,71,65,141,39,91,163,35,100,151,35,123,56,132,65,24,35,63,58,52,168,79
Q4 2019,153,129,72,65,141,39,89,166,34,100,151,35,123,56,126,65,24,35,63,58,51,167,79
Q1 2020,122,83,49,48,93,36,59,115,30,88,134,31,99,48,88,63,26,27,50,41,41,133,61
Q2 2020,90,65,31,37,65,31,41,87,21,65,99,26,76,40,61,44,19,20,38,30,32,106,44
Q3 2020,123,79,44,48,85,36,56,109,30,85,131,31,93,45,81,60,25,25,50,41,41,130,59
Q4 2020,128,89,47,48,91,36,58,119,32,89,137,31,99,45,86,65,27,24,50,41,41,135,61
 ,,,,,,,,,,,,,,,,,,,,,,,
Age:,,,,,,,,,,,,,,,,,,,,,,,
Age 0 - 4,6.5%,4.6%,5.3%,6.9%,7.5%,8.7%,6.7%,5.9%,7.6%,11.8%,11.4%,8.6%,8.9%,7.5%,5.8%,7.0%,7.7%,6.9%,6.6%,5.5%,6.8%,8.1%,6.3%
Age 5 - 14,13.2%,6.9%,9.6%,12.4%,13.1%,16.4%,12.8%,8.8%,11.8%,18.5%,18.3%,14.5%,15.3%,14.1%,11.1%,13.3%,12.8%,12.1%,13.1%,12.3%,14.6%,16.4%,13.3%
Age 15 - 19,5.8%,5.0%,8.8%,7.2%,6.9%,8.8%,7.3%,4.1%,5.7%,6.8%,7.2%,7.0%,6.5%,7.7%,6.0%,7.4%,5.8%,6.8%,7.0%,7.5%,7.3%,8.3%,6.8%
Age 20 - 24,5.6%,11.8%,9.6%,7.3%,7.1%,8.3%,7.4%,5.8%,7.9%,6.7%,7.0%,8.1%,7.2%,7.8%,6.5%,7.4%,6.2%,7.0%,6.8%,6.9%,7.3%,7.8%,5.7%
Age 25 - 34,14.9%,21.2%,17.1%,12.8%,13.3%,15.4%,13.5%,15.4%,16.1%,17.9%,17.3%,15.8%,18.2%,13.9%,12.5%,12.9%,18.7%,11.9%,13.8%,11.6%,14.6%,14.6%,13.1%
Age 35 - 44,10.8%,9.7%,10.2%,10.9%,11.1%,12.0%,10.9%,10.4%,11.2%,12.4%,12.4%,11.5%,12.4%,11.1%,9.8%,10.8%,12.5%,11.0%,11.6%,10.6%,11.5%,12.0%,13.8%
Age 45 - 54,12.0%,12.0%,11.8%,13.0%,12.2%,12.0%,12.7%,12.4%,13.7%,10.1%,10.0%,12.5%,11.2%,11.9%,12.2%,12.1%,13.2%,12.1%,11.8%,11.5%,12.3%,12.2%,13.3%
Age 55 - 64,12.2%,15.3%,13.9%,13.8%,11.9%,10.9%,12.5%,16.0%,13.7%,7.9%,8.4%,10.6%,10.3%,12.1%,16.3%,14.1%,11.8%,13.5%,14.0%,12.8%,13.5%,11.8%,13.6%
Age 65 - 74,9.6%,8.9%,8.5%,8.9%,8.5%,4.9%,7.7%,12.5%,6.6%,4.7%,4.6%,5.9%,5.7%,7.8%,10.9%,9.4%,6.6%,8.3%,10.2%,11.6%,8.3%,5.7%,7.1%
Age 75 - 84,6.0%,3.3%,3.5%,4.9%,5.8%,1.8%,5.1%,6.0%,3.8%,2.4%,2.4%,3.7%,2.8%,4.2%,5.8%,4.0%,3.3%,6.5%,3.7%,6.9%,2.9%,2.2%,3.9%
Age 85 +,3.4%,1.5%,1.8%,1.9%,2.6%,0.7%,3.3%,2.6%,1.9%,0.8%,1.1%,1.8%,1.5%,1.9%,3.2%,1.7%,1.4%,3.9%,1.5%,2.7%,0.8%,1.1%,3.2%
Median Age,38.5,35.5,34.7,38.3,36.9,29.4,36.9,44.6,35.8,28.3,28.4,32.0,31.2,34.2,43.5,37.0,34.2,40.0,37.2,40.8,34.4,31.0,38.4
 ,,,,,,,,,,,,,,,,,,,,,,,
Housing Units,,,,,,,,,,,,,,,,,,,,,,,
Total Housing Units,"15,016","9,481","10,278","15,265","14,632","17,904","12,551","13,192","4,881","10,933","11,958","2,972","15,053","12,080","12,967","6,924","3,111","3,498","22,317","17,160","11,781","18,292","6,491"
     Occupie Housing Units,91.0%,72.6%,69.4%,71.8%,70.1%,73.4%,65.3%,79.5%,72.9%,77.5%,73.1%,71.0%,76.4%,72.6%,73.6%,71.8%,76.7%,79.3%,79.2%,82.5%,75.6%,76.5%,87.0%
     Vacant Housing Units,9.1%,27.4%,30.6%,28.2%,29.9%,26.6%,34.7%,20.5%,27.1%,22.6%,26.9%,29.0%,23.6%,27.4%,26.4%,28.3%,23.3%,20.7%,20.8%,17.5%,24.5%,23.5%,13.1%
 ,,,,,,,,,,,,,,,,,,,,,,,
Housing Units by Tenure,,,,,,,,,,,,,,,,,,,,,,,
Total Househo in Tenure,"13,657","6,887","7,135","10,966","10,259","13,148","8,191","10,490","3,559","8,467","8,745","2,111","11,506","8,765","9,545","4,968","2,385","2,773","17,683","14,163","8,900","14,000","5,644"
Owner Occupie Housing Units,"9,882",556,"1,900","4,419","5,149","5,906","3,662","2,557","1,174","4,144","4,669",993,"6,000","4,283","3,731","2,235",927,"1,841","9,531","8,943","4,893","7,777","3,776"
  Owner Occupie free and clear,49.3%,33.2%,58.7%,68.1%,73.6%,61.1%,72.3%,60.5%,72.0%,74.3%,76.5%,81.5%,67.7%,74.5%,69.9%,62.4%,64.0%,70.3%,57.2%,58.1%,56.7%,46.0%,41.2%
  Owner Occupie with a mortgag or loan,50.7%,66.8%,41.3%,31.9%,26.4%,38.9%,27.7%,39.5%,28.0%,25.7%,23.5%,18.5%,32.3%,25.5%,30.1%,37.6%,36.0%,29.7%,42.8%,41.9%,43.3%,54.0%,58.8%
Renter Occupie Housing Units,"3,775","6,331","5,234","6,547","5,110","7,242","4,529","7,933","2,385","4,323","4,076","1,118","5,507","4,482","5,814","2,732","1,459",932,"8,152","5,220","4,007","6,224","1,868"
 ,,,,,,,,,,,,,,,,,,,,,,,
Race and Ethnicity,,,,,,,,,,,,,,,,,,,,,,,
"America Indian, Eskimo, Aleut",0.3%,0.6%,0.3%,0.3%,0.3%,0.3%,0.3%,0.3%,0.6%,1.7%,0.8%,0.3%,0.3%,0.3%,0.3%,0.4%,0.9%,0.4%,0.3%,0.3%,0.4%,0.3%,0.3%
Asian,2.7%,8.4%,3.4%,0.5%,0.1%,2.2%,0.4%,1.0%,0.4%,0.4%,0.5%,3.4%,27.5%,0.1%,0.3%,0.5%,0.4%,0.1%,0.4%,0.5%,0.2%,0.4%,1.9%
Black,7.8%,65.5%,79.3%,89.1%,95.2%,88.5%,93.1%,86.5%,79.5%,8.6%,27.0%,61.8%,32.8%,94.5%,88.7%,88.5%,37.8%,85.8%,87.9%,92.7%,85.7%,86.3%,43.1%
HawaiiaPacific Islander,0.0%,0.0%,0.0%,0.0%,0.0%,0.0%,0.0%,0.0%,0.0%,0.1%,0.1%,0.0%,0.0%,0.0%,0.0%,0.0%,0.0%,0.0%,0.0%,0.0%,0.0%,0.0%,0.0%
White,84.7%,21.2%,13.0%,7.4%,2.3%,6.9%,4.0%,9.3%,14.9%,45.4%,38.7%,28.7%,33.9%,3.3%,8.1%,8.1%,38.4%,7.4%,9.0%,4.2%,10.5%,10.4%,50.9%
Other,0.8%,0.6%,0.3%,0.4%,0.4%,0.3%,0.4%,0.4%,2.2%,37.0%,27.0%,0.7%,0.5%,0.2%,0.3%,0.2%,18.0%,3.9%,0.4%,0.3%,0.4%,0.3%,0.4%
Multi-Race,3.6%,3.7%,3.7%,2.3%,1.8%,1.9%,1.9%,2.6%,2.5%,6.9%,6.0%,5.1%,5.1%,1.6%,2.2%,2.3%,4.4%,2.5%,2.1%,2.1%,2.8%,2.4%,3.4%
 ,,,,,,,,,,,,,,,,,,,,,,,
Hispanic Ethnicity,4.4%,2.3%,1.8%,1.5%,1.2%,0.9%,1.4%,1.1%,5.3%,76.1%,54.7%,2.0%,1.6%,0.7%,0.9%,1.0%,41.0%,9.2%,1.1%,1.0%,1.4%,1.1%,2.2%
Not of Hispanic Ethnicity,95.6%,97.7%,98.2%,98.5%,98.8%,99.1%,98.6%,98.9%,94.7%,23.9%,45.3%,98.0%,98.4%,99.3%,99.1%,99.0%,59.0%,90.8%,98.9%,99.0%,98.6%,98.9%,97.8%
 ,,,,,,,,,,,,,,,,,,,,,,,
Race of Hispanics,,,,,,,,,,,,,,,,,,,,,,,
Hispanic,"1,581",286,295,424,324,355,289,227,466,"21,413","15,837",132,609,164,186,128,"2,374",643,498,371,318,444,307
America Indian,1.5%,2.7%,1.4%,1.2%,2.3%,5.8%,1.4%,3.1%,2.5%,1.7%,0.9%,0.8%,1.5%,0.2%,0.0%,0.0%,0.7%,1.1%,1.0%,3.2%,2.9%,0.9%,1.0%
Asian,0.2%,1.0%,1.0%,0.5%,0.0%,1.1%,1.1%,1.3%,0.0%,0.1%,0.0%,0.0%,2.5%,0.1%,0.5%,1.6%,0.1%,0.0%,1.4%,0.5%,0.1%,0.9%,0.7%
Black,1.7%,20.9%,31.7%,42.6%,38.2%,39.0%,39.2%,37.9%,10.4%,2.3%,3.0%,22.7%,17.9%,64.4%,38.0%,49.7%,3.8%,9.5%,39.0%,48.1%,41.5%,36.4%,12.9%
HawaiiaPacific Islander,0.1%,0.0%,0.0%,0.5%,0.0%,0.0%,0.0%,0.4%,0.0%,0.1%,0.1%,0.0%,0.2%,0.0%,0.0%,0.8%,0.0%,0.0%,0.1%,0.3%,0.2%,0.2%,0.0%
White,73.4%,39.7%,39.3%,18.9%,26.4%,23.7%,29.3%,26.3%,37.9%,40.4%,41.0%,32.3%,48.3%,10.4%,28.7%,25.4%,47.0%,38.4%,27.8%,18.9%,22.1%,26.4%,55.9%
Other,15.6%,16.7%,11.5%,18.4%,22.2%,11.4%,15.4%,16.7%,37.5%,48.6%,48.8%,31.5%,14.8%,11.2%,17.8%,7.3%,43.9%,41.1%,19.3%,11.5%,19.2%,14.8%,12.7%
Multi-Race,7.5%,19.0%,15.1%,17.9%,10.9%,19.0%,13.6%,14.2%,11.7%,6.9%,6.1%,12.8%,14.9%,13.6%,15.0%,15.1%,4.5%,10.0%,11.5%,17.5%,14.1%,20.4%,16.9%
 ,,,,,,,,,,,,,,,,,,,,,,,
Race of Non Hispanics,,,,,,,,,,,,,,,,,,,,,,,
Non Hispanic,"34,461","12,126","15,978","27,171","25,798","40,586","20,337","19,520","8,265","6,737","13,128","6,515","36,858","24,974","21,264","12,759","3,424","6,322","44,562","36,536","22,967","40,622","13,570"
America Indian,0.2%,0.5%,0.3%,0.3%,0.3%,0.2%,0.3%,0.3%,0.5%,1.7%,0.6%,0.3%,0.3%,0.3%,0.3%,0.4%,1.1%,0.4%,0.2%,0.2%,0.3%,0.2%,0.3%
Asian,2.8%,8.6%,3.4%,0.5%,0.1%,2.2%,0.4%,0.9%,0.5%,1.3%,1.1%,3.5%,27.9%,0.1%,0.3%,0.5%,0.6%,0.1%,0.4%,0.5%,0.2%,0.3%,1.9%
Black,8.1%,66.5%,80.2%,89.8%,96.0%,88.9%,93.8%,87.0%,83.4%,28.8%,55.9%,62.5%,33.0%,94.7%,89.2%,88.9%,61.3%,93.5%,88.4%,93.1%,86.3%,86.8%,43.8%
HawaiiaPacific Islander,0.0%,0.0%,0.0%,0.0%,0.0%,0.0%,0.0%,0.0%,0.0%,0.0%,0.1%,0.0%,0.0%,0.0%,0.0%,0.0%,0.0%,0.0%,0.0%,0.0%,0.0%,0.0%,0.0%
White,85.2%,20.8%,12.5%,7.2%,1.9%,6.8%,3.6%,9.1%,13.6%,61.1%,35.8%,28.7%,33.6%,3.3%,7.9%,7.9%,32.4%,4.2%,8.8%,4.0%,10.4%,10.2%,50.8%
Other,0.2%,0.2%,0.1%,0.1%,0.1%,0.2%,0.2%,0.2%,0.2%,0.3%,0.6%,0.1%,0.3%,0.1%,0.2%,0.1%,0.1%,0.1%,0.1%,0.2%,0.1%,0.2%,0.1%
Multi-Race,3.4%,3.4%,3.5%,2.1%,1.7%,1.7%,1.7%,2.5%,1.9%,6.9%,5.9%,4.9%,4.9%,1.5%,2.1%,2.2%,4.4%,1.7%,2.0%,1.9%,2.6%,2.2%,3.1%
 ,,,,,,,,,,,,,,,,,,,,,,,
Marital Status:,,,,,,,,,,,,,,,,,,,,,,,
Age 15 + Populati,"28,936","10,989","13,852","22,269","20,762","30,661","16,595","16,844","7,037","19,643","20,377","5,113","28,393","19,716","17,830","10,273","4,611","5,645","36,154","30,318","18,294","31,029","11,153"
Divorced,9.7%,15.4%,12.3%,12.6%,12.2%,9.5%,12.6%,16.4%,10.6%,8.7%,9.6%,10.2%,7.7%,10.6%,13.7%,11.9%,12.3%,9.3%,13.6%,13.0%,12.4%,9.2%,10.8%
Never Married,32.5%,62.6%,61.1%,55.9%,55.5%,64.4%,56.1%,55.1%,62.9%,43.1%,47.0%,55.0%,46.8%,60.4%,52.5%,55.3%,53.1%,48.5%,52.1%,49.8%,53.6%,55.9%,40.3%
Now Married,49.8%,16.6%,21.4%,23.3%,24.2%,21.0%,23.4%,20.7%,19.1%,43.3%,37.9%,29.2%,39.3%,20.5%,23.6%,25.1%,29.5%,30.3%,27.7%,27.8%,29.4%,29.7%,42.5%
  Now Married - Separate,1.4%,2.8%,3.3%,4.1%,3.9%,3.1%,4.2%,3.5%,3.7%,3.4%,2.7%,3.1%,2.5%,3.2%,4.5%,3.4%,4.7%,2.6%,3.3%,2.4%,3.3%,2.6%,1.6%
Widowe,8.0%,5.5%,5.2%,8.2%,8.1%,5.1%,8.0%,7.8%,7.4%,4.9%,5.5%,5.7%,6.3%,8.5%,10.1%,7.7%,5.2%,12.0%,6.6%,9.4%,4.6%,5.2%,6.3%
 ,,,,,,,,,,,,,,,,,,,,,,,
Educational Attainment:,,,,,,,,,,,,,,,,,,,,,,,
Total Populati Age 25+,"24,826","8,902","10,869","18,279","17,102","23,637","13,549","14,896","5,852","15,833","16,290","4,112","23,276","15,842","15,148","8,375","3,913","4,687","29,971","25,005","14,879","24,439","9,427"
Grade K - 8,4.5%,2.7%,2.0%,3.5%,3.7%,2.4%,3.4%,2.1%,4.6%,20.2%,16.5%,5.2%,7.1%,3.4%,3.4%,2.7%,11.2%,5.2%,1.9%,1.0%,1.1%,1.7%,1.2%
Grade 9 - 12,8.0%,12.9%,11.2%,15.3%,17.4%,13.7%,15.1%,11.5%,15.4%,22.5%,19.6%,16.7%,15.5%,18.4%,16.1%,16.7%,15.7%,15.2%,11.6%,9.2%,13.3%,12.3%,7.0%
High School Graduat,29.7%,25.5%,28.3%,36.3%,35.8%,39.9%,35.3%,25.8%,32.7%,28.8%,32.3%,36.8%,32.3%,39.8%,27.7%,33.7%,28.2%,37.3%,32.5%,26.9%,31.1%,32.7%,26.5%
Associat Degree,9.0%,5.2%,6.7%,6.5%,6.7%,8.5%,6.9%,7.0%,6.7%,3.7%,4.1%,4.8%,6.7%,6.4%,5.8%,6.4%,5.6%,5.3%,8.0%,9.1%,7.5%,6.6%,10.2%
Bachelor' Degree,15.2%,15.2%,11.8%,7.7%,5.5%,5.1%,7.2%,13.1%,11.6%,3.9%,4.7%,7.3%,8.3%,4.7%,12.6%,8.9%,11.4%,5.0%,8.7%,13.0%,9.1%,12.1%,19.5%
Graduat Degree,8.9%,14.9%,14.2%,5.3%,3.3%,2.1%,7.0%,16.9%,3.8%,1.4%,1.6%,3.5%,4.5%,1.6%,9.4%,5.9%,9.1%,2.9%,6.6%,11.4%,7.7%,6.1%,11.1%
"Some College, No Degree",22.5%,22.5%,24.9%,23.9%,26.1%,27.5%,23.4%,22.5%,23.7%,14.0%,15.9%,19.8%,18.6%,24.4%,23.5%,24.5%,15.6%,27.0%,29.7%,28.4%,29.0%,27.9%,24.0%
No Schoolin Complet,2.3%,1.3%,1.0%,1.6%,1.6%,0.9%,1.6%,1.1%,1.5%,5.5%,5.3%,6.0%,6.9%,1.4%,1.6%,1.1%,3.3%,2.0%,1.1%,1.1%,1.2%,0.7%,0.4%
 ,,,,,,,,,,,,,,,,,,,,,,,
Household Income:,,,,,,,,,,,,,,,,,,,,,,,
"Income $ 0 - $9,999",6.8%,33.6%,24.1%,23.2%,22.2%,14.8%,24.6%,19.9%,27.8%,19.6%,20.5%,21.0%,18.0%,19.1%,20.8%,21.4%,23.0%,16.9%,16.5%,12.5%,18.0%,12.5%,6.2%
"Income $ 10,000 - $14,999",4.6%,12.2%,10.1%,10.4%,10.4%,5.9%,8.5%,8.7%,10.8%,8.5%,8.0%,11.1%,9.0%,10.4%,9.2%,9.6%,11.0%,7.4%,7.8%,6.8%,7.0%,6.0%,3.7%
"Income $ 15,000 - $24,999",11.2%,15.2%,14.0%,16.6%,16.5%,13.4%,14.7%,14.6%,18.0%,15.4%,15.4%,14.8%,17.3%,17.6%,15.4%,15.4%,12.5%,15.5%,13.2%,10.9%,12.5%,11.7%,9.9%
"Income $ 25,000 - $34,999",11.5%,10.8%,11.4%,13.1%,14.9%,15.4%,13.0%,12.0%,10.9%,13.4%,15.1%,14.7%,15.2%,15.7%,11.4%,13.0%,13.4%,14.1%,12.2%,12.0%,13.5%,12.5%,11.1%
"Income $ 35,000 - $49,999",15.0%,8.5%,11.3%,12.1%,12.5%,19.4%,13.6%,12.3%,11.5%,15.5%,15.7%,16.1%,15.2%,15.1%,10.7%,12.3%,11.3%,15.4%,13.7%,17.8%,13.1%,14.5%,16.2%
"Income $ 50,000 - $74,999",18.9%,7.9%,11.4%,13.2%,13.1%,18.5%,11.5%,13.9%,10.1%,14.2%,14.4%,12.0%,14.1%,11.9%,12.9%,12.9%,12.5%,16.4%,16.9%,17.0%,14.0%,19.1%,23.5%
"Income $ 75,000 - $99,999",13.8%,4.6%,6.3%,4.5%,5.1%,6.7%,6.3%,6.9%,5.4%,6.0%,5.3%,5.2%,5.5%,5.1%,6.4%,5.5%,9.1%,6.0%,9.6%,9.5%,10.9%,10.4%,14.2%
"Income $100,00 - $124,99",7.1%,2.9%,4.0%,2.9%,2.4%,3.3%,2.9%,4.1%,3.1%,3.4%,2.9%,2.5%,2.3%,2.1%,5.1%,4.9%,2.8%,4.2%,4.7%,5.6%,5.2%,6.2%,6.6%
"Income $125,00 - $149,99",5.0%,2.0%,3.2%,1.2%,1.4%,1.1%,2.5%,2.2%,1.0%,2.1%,1.6%,0.9%,1.6%,1.6%,2.5%,2.1%,1.7%,1.9%,2.5%,3.3%,2.4%,2.8%,3.8%
"Income $150,00 +",6.2%,2.3%,4.1%,2.7%,1.7%,1.5%,2.2%,5.6%,1.3%,2.1%,1.1%,1.6%,1.8%,1.4%,5.5%,2.9%,2.6%,2.2%,2.9%,4.7%,3.6%,4.4%,4.8%
 ,,,,,,,,,,,,,,,,,,,,,,,
Average Househo Income,"$69,341","$34,323","$49,552","$41,021","$37,301","$42,944","$40,989","$52,786","$33,529","$41,026","$38,737","$36,186","$39,338","$37,175","$54,235","$45,440","$40,705","$44,277","$48,137","$56,693","$48,935","$56,453","$65,363"
Median Househo Income,"$51,043","$17,072","$26,502","$24,860","$25,614","$35,294","$26,323","$30,844","$20,857","$29,490","$28,641","$27,300","$28,345","$26,741","$29,047","$27,883","$27,880","$31,464","$35,203","$41,753","$34,271","$42,867","$52,599"
Per Capita Income,"$26,402","$20,195","$22,201","$16,765","$14,743","$13,870","$16,929","$28,372","$14,859","$12,374","$11,721","$12,648","$12,872","$13,252","$24,784","$17,916","$17,610","$17,636","$19,041","$21,830","$18,745","$19,334","$26,752"
 ,,,,,,,,,,,,,,,,,,,,,,,
Poverty: Status of Families by Family Type/Presence of Children 18 Yrs and Under,,,,,,,,,,,,,,,,,,,,,,,
Total Families (Family Househo,"9,173","1,651","2,700","5,787","5,988","8,720","4,262","3,633","1,515","5,678","5,758","1,227","7,342","5,417","4,067","2,714","1,125","1,635","10,601","8,727","5,600","9,315","3,554"
"   HusbandWife Family, Own Children, Below Poverty",578,21,69,144,178,155,117,44,75,785,722,128,"1,453",122,54,62,87,50,264,140,112,181,59
"   HusbandWife Family, No Own Children, Below Poverty",270,64,76,139,123,109,98,84,45,196,179,21,276,99,76,49,31,45,122,120,41,139,37
"   Male Househo Own Children, Below Poverty",101,30,57,189,171,230,111,37,29,125,148,32,106,169,69,53,16,17,212,104,123,257,21
"   Male Househo No Own Children, Below Poverty",27,19,41,128,101,79,117,80,24,59,104,36,64,123,110,30,7,35,132,76,100,59,3
"   Female Househo Own Children, Below Poverty",264,415,399,872,837,"1,350",616,625,286,587,573,146,701,823,531,432,157,145,"1,157",802,770,"1,180",144
"   Female Househo No Own Children, Below Poverty",114,146,135,352,443,398,257,178,120,169,204,64,185,383,229,112,55,82,506,316,330,393,14
"   HusbandWife Family, Own Children, At/Above Poverty","2,545",112,219,408,336,636,298,187,95,"1,432","1,295",125,"1,067",273,296,219,172,178,973,977,639,"1,188",886
"   HusbandWife Family, No Own Children, At/Above Poverty","3,261",373,684,"1,165","1,206","1,524",878,926,223,"1,007",931,229,"1,463",992,"1,015",646,228,418,"2,584","2,198","1,365","2,355","1,211"
"   Male Househo Own Children, At/Above Poverty",132,44,65,157,145,391,109,76,52,199,185,34,211,157,127,58,30,44,380,296,178,259,153
"   Male Househo No Own Children, At/Above Poverty",468,74,138,374,467,565,247,168,90,314,310,79,547,405,224,136,59,95,736,591,355,490,146
"   Female Househo Own Children, At/Above Poverty",509,144,338,660,700,"1,718",486,419,217,361,456,132,430,688,463,340,113,138,"1,420","1,087",721,"1,320",442
"   Female Househo No Own Children, At/Above Poverty",904,208,478,"1,198","1,281","1,565",927,809,259,444,652,200,840,"1,184",874,576,169,388,"2,115","2,021",865,"1,494",439
 ,,,,,,,,,,,,,,,,,,,,,,,
"Poverty: Popn, Ratio of Income to Poverty Level",,,,,,,,,,,,,,,,,,,,,,,
Total Populati for whom poverty status is determin,"36,042","12,412","16,273","27,595","26,122","40,941","20,625","19,747","8,732","28,151","28,965","6,648","37,466","25,139","21,450","12,887","5,798","6,965","45,060","36,908","23,286","41,066","13,877"
   Less Than .50,"2,417","3,517","3,516","6,152","5,197","6,378","4,622","3,750","1,802","4,635","5,242","1,386","6,893","4,501","3,653","2,609",932,831,"6,492","4,057","3,739","5,888",736
   .50 - .99,"4,189","3,027","2,809","5,258","5,201","6,513","3,480","3,993","2,307","6,153","5,888","1,309","9,039","5,281","3,708","2,644","1,219","1,520","6,695","4,698","3,626","6,314",982
   1.00 - 1.24,"2,371",885,"1,370","2,589","2,638","3,140","1,681","1,278",669,"2,476","2,667",612,"3,977","2,741","1,213","1,215",376,292,"3,494","1,804","1,448","2,900",698
   1.25 - 1.49,"2,054",749,"1,303","1,444","1,951","3,297","1,728",980,574,"2,343","2,216",908,"2,369","2,099","1,161",705,300,450,"2,850","2,364","1,260","2,689",767
   1.50 - 1.84,"2,221",489,"1,073","2,098","2,388","5,183","1,838","1,222",635,"2,113","2,953",302,"2,938","2,789","2,085",847,524,669,"3,832","3,039","1,476","3,112",816
   1.85 - 1.99,929,469,594,874,877,932,748,727,216,"1,206","1,027",147,"1,366",486,495,301,354,203,"1,124","1,085",760,741,327
   2.00+,"21,861","3,276","5,609","9,179","7,869","15,498","6,528","7,797","2,530","9,224","8,972","1,983","10,885","7,243","9,135","4,567","2,094","3,000","20,573","19,861","10,975","19,421","9,551"
 ,,,,,,,,,,,,,,,,,,,,,,,
Poverty: Popn by Race,,,,,,,,,,,,,,,,,,,,,,,
By Race,,,,,,,,,,,,,,,,,,,,,,,
"   White, Below Poverty Level","5,088",949,676,639,78,556,192,489,494,"5,310","3,865",720,"4,842",172,468,230,902,208,"1,081",51,524,746,625
"   White, Above Poverty Level","25,439","1,685","1,443","1,407",510,"2,272",629,"1,339",804,"7,456","7,335","1,190","7,845",661,"1,265",812,"1,324",305,"2,978","1,488","1,927","3,516","6,434"
"   Black, Below Poverty Level",808,"4,932","5,206","10,456","10,153","11,769","7,721","6,903","3,464",951,"3,627","1,824","6,018","9,512","6,735","4,940",815,"1,978","11,653","8,459","6,500","11,211","1,063"
"   Black, Above Poverty Level","2,011","3,194","7,697","14,116","14,725","24,448","11,477","10,168","3,476","1,477","4,189","2,281","6,270","14,247","12,294","6,466","1,375","3,995","27,936","25,742","13,451","24,211","4,922"
"   AI/Alaskan Native, Below Poverty Level",25,33,13,41,17,25,13,31,5,185,77,4,48,15,11,12,22,5,24,16,29,25,2
"   AI/Alaskan Native, Above Poverty Level",76,37,41,53,63,90,50,33,47,286,145,15,75,54,62,42,32,25,92,82,58,75,36
"   Asian, Below Poverty Level",142,488,205,13,0,167,8,26,2,26,34,54,"3,913",2,7,22,3,0,9,58,6,4,0
"   Asian, Above Poverty Level",842,555,341,120,14,738,69,161,35,84,116,174,"6,371",33,61,38,21,4,179,127,51,141,258
"   NH/PI, Below Poverty Level",0,0,0,0,0,0,0,1,0,2,8,0,0,0,0,0,1,0,0,1,1,1,0
"   NH/PI, Above Poverty Level",3,3,0,5,2,1,0,0,1,12,9,0,5,0,1,1,0,1,4,4,2,2,1
"   Some Other Race, Below Poverty Level",96,36,16,46,22,35,31,30,77,"3,646","2,827",18,62,23,21,7,347,47,75,35,46,31,9
"   Some Other Race, Above Poverty Level",208,36,34,65,75,71,47,46,113,"6,770","4,988",31,123,26,47,19,697,224,88,84,45,106,50
"   2+ Races, Below Poverty Level",447,105,209,216,128,337,137,264,67,668,692,76,"1,049",57,119,41,59,113,345,135,259,184,19
"   2+ Races, Above Poverty Level",857,357,392,419,335,431,251,257,147,"1,277","1,054",261,845,335,358,256,198,60,596,626,385,812,458
 ,,,,,,,,,,,,,,,,,,,,,,,
Poverty: Popn by Ethnicity,,,,,,,,,,,,,,,,,,,,,,,
Hispanic/Latino,,,,,,,,,,,,,,,,,,,,,,,
"   HispanicLatino, Below Poverty Level",400,126,126,128,56,73,93,75,161,"7,819","5,332",46,163,46,67,15,824,193,230,76,192,86,19
"   HispanicLatino, Above Poverty Level","1,181",161,169,296,268,282,196,152,305,"13,594","10,505",86,446,118,118,113,"1,550",450,268,295,126,359,288
"   Non-HispanicLatino, Below Poverty Level","6,206","6,418","6,200","11,283","10,342","12,817","8,008","7,668","3,948","2,969","5,798","2,650","15,769","9,735","7,294","5,238","1,326","2,158","12,958","8,678","7,173","12,117","1,699"
"   Non-HispanicLatino, Above Poverty Level","28,255","5,707","9,779","15,888","15,455","27,769","12,328","11,852","4,318","3,768","7,330","3,866","21,088","15,239","13,971","7,522","2,098","4,164","31,604","27,858","15,794","28,505","11,871"
Non-Hispanic/Latino by Race,,,,,,,,,,,,,,,,,,,,,,,
"   White, Below Poverty Level","4,818",902,643,610,71,535,163,471,428,"1,928","1,884",702,"4,759",172,457,226,485,97,"1,029",48,494,738,616
"   White, Above Poverty Level","24,549","1,619","1,361","1,356",431,"2,209",573,"1,297",692,"2,187","2,821","1,165","7,634",644,"1,223",784,626,169,"2,892","1,421","1,886","3,407","6,271"
"   Other than White, Below Poverty Level","1,788","5,642","5,683","10,801","10,327","12,355","7,938","7,272","3,680","8,861","9,246","1,994","11,173","9,609","6,904","5,027","1,666","2,254","12,159","8,707","6,871","11,464","1,102"
"   Other than White, Above Poverty Level","4,887","4,249","8,587","14,829","15,292","25,842","11,951","10,707","3,931","15,175","15,014","2,787","13,901","14,713","12,866","6,851","3,022","4,445","28,981","26,732","14,034","25,457","5,887"
 ,,,,,,,,,,,,,,,,,,,,,,,
Vehicles Available,,,,,,,,,,,,,,,,,,,,,,,
0 Vehicles Available,7.2%,47.6%,38.5%,32.0%,29.8%,19.3%,33.9%,32.9%,36.0%,20.6%,18.5%,28.5%,19.5%,28.5%,33.3%,30.6%,29.3%,18.6%,16.7%,15.4%,16.8%,16.7%,9.2%
1 Vehicle Available,37.9%,39.9%,40.6%,42.5%,44.8%,45.4%,42.2%,51.0%,44.0%,40.4%,47.3%,47.1%,49.5%,46.1%,47.2%,44.3%,42.2%,51.8%,46.8%,48.1%,44.6%,46.3%,41.7%
2+ Vehicles Available,54.9%,12.4%,20.8%,25.6%,25.4%,35.3%,23.9%,16.1%,20.0%,39.0%,34.2%,24.4%,31.0%,25.4%,19.5%,25.1%,28.5%,29.6%,36.5%,36.5%,38.6%,37.0%,49.1%
Average Vehicles Per Househo,1.84,1.29,1.49,1.50,1.49,1.52,1.52,1.29,1.36,1.74,1.57,1.48,1.50,1.45,1.35,1.46,1.60,1.47,1.62,1.60,1.61,1.57,1.72
Total Vehicles Available,"25,064","8,918","10,615","16,415","15,296","20,008","12,478","13,517","4,826","14,713","13,758","3,131","17,225","12,743","12,927","7,237","3,810","4,065","28,652","22,722","14,321","22,031","9,681"
 ,,,,,,,,,,,,,,,,,,,,,,,
 ,,,,,,,,,,,,,,,,,,,,,,,
,,,,,,,,,,,,,,,,,,,,,,,
2026 Demographics:,,,,,,,,,,,,,,,,,,,,,,,
 ,,,,,,,,,,,,,,,,,,,,,,,
Total Populati,"35,795","12,255","15,604","26,198","24,380","38,980","19,286","19,631","8,410","26,118","27,797","6,364","36,736","23,307","20,258","12,206","5,719","6,372","43,450","35,819","22,200","38,822","13,802"
Total Househo,"13,616","6,848","6,888","10,564","9,679","12,628","7,759","10,572","3,459","7,857","8,384","2,020","11,211","8,240","9,095","4,757","2,387","2,585","17,196","13,857","8,571","13,276","5,597"
Female Populati,"18,719","5,812","7,990","13,519","13,086","20,492","10,083","10,728","4,190","12,589","13,831","2,913","17,469","12,106","10,784","6,453","2,807","3,380","23,152","19,640","11,804","20,659","7,381"
  % Female ,52.3%,47.4%,51.2%,51.6%,53.7%,52.6%,52.3%,54.7%,49.8%,48.2%,49.8%,45.8%,47.6%,51.9%,53.2%,52.9%,49.1%,53.0%,53.3%,54.8%,53.2%,53.2%,53.5%
Male Populati,"17,076","6,443","7,614","12,679","11,293","18,488","9,204","8,903","4,219","13,530","13,966","3,451","19,267","11,201","9,473","5,753","2,912","2,992","20,297","16,179","10,396","18,163","6,421"
  % Male ,47.7%,52.6%,48.8%,48.4%,46.3%,47.4%,47.7%,45.4%,50.2%,51.8%,50.2%,54.2%,52.5%,48.1%,46.8%,47.1%,50.9%,47.0%,46.7%,45.2%,46.8%,46.8%,46.5%
 ,,,,,,,,,,,,,,,,,,,,,,,
Populati Density (per Sq. Mi.),"4,652.69","6,004.72","4,522.48","3,120.59","4,814.41","5,984.43","6,111.55","3,130.80","2,911.83","3,484.44","5,501.94","1,469.71","6,748.85","3,798.14","3,701.55","3,402.45","2,456.92","2,735.36","5,078.10","6,906.90","3,721.09","6,710.96","5,348.17"
 ,,,,,,,,,,,,,,,,,,,,,,,
Employed Civilian Population 16+,,,,,,,,,,,,,,,,,,,,,,,
Total,"14,111","4,028","5,284","8,065","7,384","13,423","5,537","6,537","2,639","8,716","8,521","1,674","11,448","6,836","6,428","4,195","2,199","1,956","15,949","12,384","8,259","15,585","6,159"
  % White Collar,59.6%,60.4%,60.8%,43.0%,42.1%,39.0%,42.8%,66.4%,43.1%,28.7%,28.7%,48.8%,38.3%,35.5%,56.5%,46.8%,49.0%,52.6%,50.4%,56.9%,50.4%,49.3%,57.9%
  % Blue Collar,40.4%,39.6%,39.2%,57.0%,57.9%,61.0%,57.2%,33.6%,56.9%,71.3%,71.3%,51.2%,61.7%,64.5%,43.5%,53.2%,51.0%,47.4%,49.6%,43.1%,49.6%,50.7%,42.1%
 ,,,,,,,,,,,,,,,,,,,,,,,
Age:,,,,,,,,,,,,,,,,,,,,,,,
Age 0 - 4,6.1%,4.7%,5.4%,6.9%,7.5%,8.6%,6.9%,6.1%,7.8%,11.3%,11.2%,8.8%,9.0%,7.1%,5.7%,7.0%,7.3%,7.0%,6.6%,5.5%,6.5%,7.8%,6.3%
Age 5 - 14,13.5%,7.2%,9.9%,12.7%,13.7%,16.1%,12.9%,9.3%,12.5%,18.9%,18.7%,15.2%,15.4%,14.5%,11.3%,13.6%,13.0%,12.2%,13.0%,11.9%,14.3%,15.8%,12.9%
Age 15 - 19,5.8%,4.7%,8.1%,6.5%,6.4%,7.8%,6.8%,3.7%,5.1%,6.6%,6.9%,6.6%,6.2%,6.8%,5.3%,6.8%,5.7%,6.3%,6.5%,7.0%,6.7%,7.6%,6.5%
Age 20 - 24,5.3%,10.9%,9.1%,7.4%,7.1%,8.3%,7.5%,4.9%,7.1%,6.1%,6.5%,7.9%,6.7%,7.8%,6.4%,7.4%,5.9%,7.0%,6.8%,7.2%,7.2%,7.8%,6.0%
Age 25 - 34,14.5%,21.1%,17.2%,13.0%,13.1%,15.8%,13.7%,15.4%,16.5%,17.1%,16.5%,15.8%,17.8%,14.1%,12.7%,13.2%,17.9%,11.9%,13.6%,11.6%,14.6%,15.0%,12.8%
Age 35 - 44,11.4%,10.7%,10.7%,10.6%,11.0%,12.3%,10.9%,10.9%,11.5%,13.4%,13.2%,11.6%,13.2%,11.2%,10.1%,10.6%,13.2%,10.9%,11.7%,10.6%,11.9%,12.3%,13.6%
Age 45 - 54,11.2%,11.1%,11.1%,12.3%,11.2%,11.4%,12.1%,11.6%,12.8%,9.8%,9.7%,11.5%,10.7%,11.4%,11.3%,11.5%,12.8%,11.0%,11.2%,10.9%,11.6%,11.6%,13.0%
Age 55 - 64,11.6%,14.2%,13.3%,13.4%,11.2%,10.5%,12.1%,15.0%,13.5%,7.6%,8.2%,10.6%,9.7%,11.5%,15.3%,13.1%,11.9%,12.4%,12.6%,11.7%,12.2%,11.2%,13.4%
Age 65 - 74,10.3%,10.1%,9.6%,9.8%,9.4%,6.2%,8.6%,13.5%,7.5%,5.2%,5.2%,6.3%,6.6%,8.7%,12.3%,10.5%,7.3%,9.9%,11.6%,12.4%,10.2%,7.0%,8.1%
Age 75 - 84,7.0%,3.9%,4.1%,5.6%,6.7%,2.3%,5.2%,7.1%,4.0%,3.0%,2.9%,4.0%,3.3%,4.9%,6.4%,4.7%,3.5%,7.4%,4.8%,8.4%,4.0%,2.8%,4.4%
Age 85 +,3.3%,1.4%,1.7%,1.9%,2.7%,0.7%,3.1%,2.6%,1.8%,0.8%,1.1%,1.7%,1.4%,1.9%,3.2%,1.6%,1.4%,4.0%,1.5%,2.9%,0.8%,1.1%,3.0%
Median Age,39.0,36.0,35.4,38.5,37.0,30.5,36.9,44.7,35.9,29.2,29.1,32.0,32.1,34.7,43.6,36.9,35.1,40.2,37.8,41.4,35.5,32.1,39.0
 ,,,,,,,,,,,,,,,,,,,,,,,
Housing Units,,,,,,,,,,,,,,,,,,,,,,,
Total Housing Units,"15,069","9,441","10,097","14,981","14,072","17,551","12,147","13,454","4,779","10,280","11,659","2,877","14,871","11,561","12,533","6,718","3,141","3,308","22,055","16,993","11,517","17,655","6,503"
     Occupie Housing Units,90.4%,72.5%,68.2%,70.5%,68.8%,72.0%,63.9%,78.6%,72.4%,76.4%,71.9%,70.2%,75.4%,71.3%,72.6%,70.8%,76.0%,78.1%,78.0%,81.5%,74.4%,75.2%,86.1%
     Vacant Housing Units,9.6%,27.5%,31.8%,29.5%,31.2%,28.1%,36.1%,21.4%,27.6%,23.6%,28.1%,29.8%,24.6%,28.7%,27.4%,29.2%,24.0%,21.9%,22.0%,18.5%,25.6%,24.8%,13.9%
 ,,,,,,,,,,,,,,,,,,,,,,,
Housing Units by Tenure,,,,,,,,,,,,,,,,,,,,,,,
Total Househo in Tenure,"13,616","6,848","6,888","10,564","9,679","12,628","7,759","10,572","3,459","7,857","8,384","2,020","11,211","8,240","9,095","4,757","2,387","2,585","17,196","13,857","8,571","13,276","5,597"
Owner Occupie Housing Units,"9,813",557,"1,813","4,242","4,871","5,603","3,491","2,546","1,149","3,859","4,504",951,"5,845","4,018","3,533","2,144",929,"1,727","9,248","8,724","4,740","7,354","3,726"
  Owner Occupie free and clear,50.2%,34.1%,59.6%,69.2%,74.8%,63.1%,73.4%,61.4%,72.8%,75.3%,77.5%,82.2%,68.8%,75.7%,70.8%,63.8%,64.8%,71.5%,59.1%,59.4%,58.3%,47.3%,42.3%
  Owner Occupie with a mortgag or loan,49.8%,65.9%,40.4%,30.8%,25.2%,36.9%,26.6%,38.6%,27.2%,24.7%,22.5%,17.8%,31.2%,24.3%,29.2%,36.2%,35.2%,28.5%,40.9%,40.6%,41.7%,52.7%,57.7%
Renter Occupie Housing Units,"3,803","6,291","5,075","6,323","4,808","7,025","4,268","8,026","2,310","3,998","3,880","1,070","5,366","4,222","5,561","2,613","1,458",858,"7,948","5,133","3,831","5,922","1,871"
 ,,,,,,,,,,,,,,,,,,,,,,,
Race and Ethnicity,,,,,,,,,,,,,,,,,,,,,,,
"America Indian, Eskimo, Aleut",0.3%,0.6%,0.3%,0.4%,0.3%,0.3%,0.3%,0.3%,0.6%,1.7%,0.8%,0.3%,0.3%,0.3%,0.3%,0.4%,0.9%,0.4%,0.3%,0.3%,0.4%,0.2%,0.3%
Asian,3.0%,9.1%,3.6%,0.5%,0.1%,2.3%,0.4%,1.0%,0.5%,0.4%,0.5%,3.8%,29.2%,0.2%,0.3%,0.5%,0.5%,0.0%,0.5%,0.5%,0.3%,0.4%,2.0%
Black,8.0%,65.3%,78.9%,89.0%,95.0%,88.3%,92.8%,86.2%,79.4%,8.3%,26.6%,60.7%,32.1%,94.3%,88.5%,88.3%,37.4%,87.7%,87.8%,92.5%,85.8%,86.1%,44.0%
HawaiiaPacific Islander,0.0%,0.0%,0.0%,0.0%,0.0%,0.0%,0.0%,0.0%,0.0%,0.0%,0.1%,0.0%,0.0%,0.0%,0.0%,0.0%,0.0%,0.0%,0.0%,0.0%,0.0%,0.0%,0.0%
White,83.4%,20.2%,12.6%,7.1%,2.2%,6.7%,3.9%,9.0%,14.5%,44.0%,37.4%,28.3%,32.0%,3.3%,7.9%,7.9%,37.7%,6.2%,8.7%,4.0%,10.0%,10.1%,49.3%
Other,0.9%,0.6%,0.3%,0.4%,0.4%,0.3%,0.4%,0.4%,2.3%,38.2%,28.1%,0.8%,0.5%,0.2%,0.3%,0.2%,18.6%,3.1%,0.4%,0.3%,0.4%,0.3%,0.4%
Multi-Race,4.3%,4.2%,4.2%,2.6%,2.0%,2.1%,2.1%,3.0%,2.8%,7.4%,6.6%,6.0%,5.8%,1.8%,2.6%,2.6%,4.8%,2.5%,2.4%,2.3%,3.1%,2.8%,4.0%
 ,,,,,,,,,,,,,,,,,,,,,,,
Hispanic Ethnicity,4.8%,2.5%,1.9%,1.6%,1.3%,0.9%,1.5%,1.2%,5.7%,78.0%,56.4%,2.1%,1.7%,0.7%,0.9%,1.0%,42.1%,8.0%,1.2%,1.1%,1.4%,1.2%,2.4%
Not of Hispanic Ethnicity,95.2%,97.5%,98.1%,98.4%,98.7%,99.1%,98.5%,98.8%,94.3%,22.0%,43.6%,97.9%,98.3%,99.3%,99.1%,99.0%,57.9%,92.0%,98.8%,98.9%,98.6%,98.8%,97.6%
 ,,,,,,,,,,,,,,,,,,,,,,,
Race of Hispanics,,,,,,,,,,,,,,,,,,,,,,,
Hispanic,"1,732",304,303,431,323,364,292,243,478,"20,372","15,683",136,640,165,190,128,"2,409",508,520,388,318,459,331
America Indian,1.4%,2.6%,1.4%,1.2%,2.3%,5.7%,1.4%,2.9%,2.5%,1.6%,0.9%,0.7%,1.4%,0.2%,0.0%,0.0%,0.6%,1.0%,0.9%,3.1%,2.9%,0.9%,0.9%
Asian,0.2%,1.0%,1.0%,0.5%,0.0%,1.1%,1.0%,1.2%,0.0%,0.1%,0.0%,0.0%,2.3%,0.1%,0.5%,1.6%,0.1%,0.0%,1.3%,0.5%,0.1%,0.9%,0.6%
Black,1.6%,20.1%,31.9%,43.1%,37.9%,39.5%,38.7%,39.1%,10.9%,2.4%,3.1%,22.0%,17.9%,65.4%,37.2%,48.8%,4.0%,12.2%,39.3%,48.6%,41.6%,36.9%,12.9%
HawaiiaPacific Islander,0.1%,0.0%,0.0%,0.5%,0.0%,0.0%,0.0%,0.4%,0.0%,0.0%,0.1%,0.0%,0.2%,0.0%,0.0%,0.8%,0.0%,0.0%,0.1%,0.3%,0.2%,0.2%,0.0%
White,73.8%,39.2%,39.0%,18.6%,26.5%,23.1%,30.5%,26.2%,37.3%,39.8%,40.3%,32.1%,48.6%,10.4%,30.3%,26.4%,46.5%,37.4%,27.8%,18.7%,21.6%,25.7%,56.0%
Other,15.5%,17.1%,11.2%,18.1%,22.1%,11.0%,14.8%,16.8%,37.3%,48.9%,49.3%,31.7%,14.6%,10.3%,16.8%,7.3%,44.2%,38.0%,19.0%,11.3%,19.2%,14.6%,12.0%
Multi-Race,7.6%,20.1%,15.6%,18.1%,11.2%,19.6%,13.6%,13.3%,12.1%,7.2%,6.3%,13.5%,15.0%,13.5%,15.2%,15.1%,4.6%,11.4%,11.5%,17.6%,14.5%,20.8%,17.5%
 ,,,,,,,,,,,,,,,,,,,,,,,
Race of Non Hispanics,,,,,,,,,,,,,,,,,,,,,,,
Non Hispanic,"34,063","11,951","15,301","25,767","24,057","38,616","18,994","19,389","7,932","5,746","12,114","6,227","36,097","23,141","20,068","12,079","3,310","5,864","42,930","35,431","21,882","38,362","13,471"
America Indian,0.2%,0.5%,0.3%,0.3%,0.3%,0.2%,0.3%,0.3%,0.5%,1.8%,0.6%,0.3%,0.3%,0.3%,0.3%,0.4%,1.1%,0.4%,0.3%,0.2%,0.3%,0.2%,0.3%
Asian,3.2%,9.3%,3.7%,0.5%,0.1%,2.3%,0.4%,1.0%,0.5%,1.5%,1.2%,3.9%,29.7%,0.2%,0.3%,0.5%,0.7%,0.1%,0.4%,0.5%,0.3%,0.4%,2.1%
Black,8.4%,66.5%,79.9%,89.7%,95.8%,88.8%,93.7%,86.7%,83.5%,29.5%,57.1%,61.6%,32.4%,94.5%,89.0%,88.8%,61.7%,94.2%,88.4%,93.0%,86.5%,86.7%,44.7%
HawaiiaPacific Islander,0.0%,0.0%,0.0%,0.0%,0.0%,0.0%,0.0%,0.0%,0.0%,0.0%,0.1%,0.0%,0.0%,0.0%,0.0%,0.0%,0.0%,0.0%,0.0%,0.0%,0.0%,0.0%,0.0%
White,83.9%,19.7%,12.1%,7.0%,1.9%,6.5%,3.5%,8.8%,13.1%,58.8%,33.5%,28.2%,31.7%,3.2%,7.7%,7.7%,31.3%,3.5%,8.5%,3.9%,9.9%,9.9%,49.2%
Other,0.2%,0.2%,0.1%,0.1%,0.1%,0.2%,0.2%,0.2%,0.2%,0.3%,0.6%,0.1%,0.3%,0.1%,0.2%,0.1%,0.0%,0.1%,0.2%,0.2%,0.1%,0.2%,0.1%
Multi-Race,4.1%,3.8%,3.9%,2.3%,1.9%,1.9%,1.9%,2.9%,2.2%,8.0%,6.8%,5.9%,5.6%,1.7%,2.4%,2.5%,5.0%,1.8%,2.3%,2.1%,2.9%,2.5%,3.6%
 ,,,,,,,,,,,,,,,,,,,,,,,
Marital Status:,,,,,,,,,,,,,,,,,,,,,,,
Age 15 + Populati,"28,776","10,793","13,232","21,066","19,223","29,362","15,465","16,620","6,706","18,224","19,489","4,833","27,781","18,256","16,820","9,694","4,558","5,149","34,916","29,598","17,591","29,628","11,149"
Divorced,9.7%,15.2%,12.3%,12.4%,12.2%,9.3%,12.6%,16.4%,10.5%,8.6%,9.5%,10.0%,7.4%,10.4%,13.9%,12.0%,12.2%,9.3%,13.8%,13.0%,12.6%,9.1%,10.6%
Never Married,32.8%,62.7%,61.2%,56.1%,55.4%,64.9%,56.0%,54.9%,63.0%,43.0%,46.6%,54.8%,46.7%,60.6%,52.4%,55.0%,53.5%,48.3%,52.1%,50.1%,53.4%,55.8%,40.0%
Now Married,49.7%,16.7%,21.5%,23.4%,24.3%,20.7%,23.5%,21.0%,19.2%,43.6%,38.4%,29.7%,39.7%,20.6%,23.8%,25.4%,29.2%,30.3%,27.6%,27.6%,29.3%,30.0%,43.2%
  Now Married - Separate,1.4%,2.8%,3.2%,4.0%,3.8%,3.1%,4.2%,3.3%,3.7%,3.4%,2.6%,3.0%,2.3%,3.2%,4.3%,3.2%,4.5%,2.5%,3.3%,2.3%,3.2%,2.6%,1.6%
Widowe,7.8%,5.5%,5.0%,8.2%,8.1%,5.1%,7.9%,7.8%,7.3%,4.8%,5.4%,5.6%,6.1%,8.4%,10.0%,7.6%,5.2%,12.2%,6.5%,9.3%,4.6%,5.1%,6.1%
 ,,,,,,,,,,,,,,,,,,,,,,,
Educational Attainment:,,,,,,,,,,,,,,,,,,,,,,,
Total Populati Age 25+,"24,797","8,876","10,556","17,437","15,941","23,055","12,696","14,932","5,684","14,897","15,765","3,911","23,031","14,844","14,446","7,959","3,892","4,299","29,122","24,482","14,501","23,668","9,419"
Grade K - 9,4.5%,2.7%,2.0%,3.4%,3.6%,2.4%,3.4%,2.0%,4.5%,20.1%,16.4%,5.5%,7.3%,3.4%,3.3%,2.7%,10.7%,5.1%,1.9%,1.0%,1.2%,1.7%,1.2%
Grade 9 - 12,8.0%,12.6%,11.0%,15.0%,17.3%,13.5%,14.9%,11.0%,15.1%,22.5%,19.6%,16.4%,15.3%,18.3%,15.7%,16.4%,15.3%,14.9%,11.5%,9.1%,13.0%,12.2%,7.0%
High School Graduat,29.5%,25.1%,27.9%,36.4%,35.8%,39.8%,34.9%,25.3%,32.3%,28.7%,32.1%,36.7%,32.6%,39.8%,27.4%,33.6%,27.9%,37.2%,32.5%,27.0%,31.0%,32.7%,26.9%
Associat Degree,9.2%,5.0%,6.6%,6.5%,6.8%,8.8%,7.0%,6.9%,6.7%,3.8%,4.2%,4.8%,6.8%,6.5%,5.8%,6.4%,5.6%,5.4%,8.0%,9.1%,7.5%,6.6%,10.2%
Bachelor' Degree,15.3%,15.8%,12.3%,7.9%,5.6%,5.0%,7.4%,13.8%,12.1%,4.0%,4.9%,7.4%,8.2%,4.6%,13.0%,9.2%,12.1%,5.2%,8.8%,13.2%,9.3%,12.2%,19.2%
Graduat Degree,9.0%,15.3%,14.5%,5.4%,3.4%,2.1%,7.3%,17.5%,4.1%,1.4%,1.7%,3.5%,4.4%,1.6%,9.7%,6.1%,9.5%,3.1%,6.8%,11.4%,7.9%,6.2%,11.0%
"Some College, No Degree",22.1%,22.3%,24.7%,23.9%,26.0%,27.5%,23.5%,22.4%,23.7%,14.0%,15.9%,19.6%,18.5%,24.3%,23.3%,24.4%,15.7%,27.0%,29.5%,28.2%,28.9%,27.8%,24.1%
No Schoolin Complet,2.3%,1.3%,1.0%,1.5%,1.6%,0.9%,1.7%,1.1%,1.4%,5.6%,5.3%,6.0%,6.8%,1.4%,1.6%,1.1%,3.3%,2.0%,1.1%,1.1%,1.2%,0.7%,0.4%
 ,,,,,,,,,,,,,,,,,,,,,,,
Household Income:,,,,,,,,,,,,,,,,,,,,,,,
"Income $ 0 - $9,999",5.2%,27.9%,19.7%,19.0%,18.1%,11.9%,20.1%,16.0%,23.1%,15.9%,16.7%,16.9%,14.7%,15.6%,16.8%,17.2%,18.5%,13.7%,13.3%,9.9%,14.3%,9.8%,4.8%
"Income $ 10,000 - $14,999",4.3%,14.1%,11.1%,11.2%,11.1%,6.4%,9.8%,9.3%,12.2%,9.1%,8.9%,11.5%,9.5%,10.8%,9.8%,10.3%,11.5%,7.9%,8.1%,6.8%,7.6%,6.2%,3.5%
"Income $ 15,000 - $24,999",9.9%,15.2%,13.4%,16.1%,15.8%,12.4%,14.0%,13.7%,17.4%,14.5%,14.6%,14.5%,16.3%,16.9%,14.5%,14.6%,12.3%,14.0%,12.3%,10.1%,11.5%,10.6%,8.6%
"Income $ 25,000 - $34,999",10.4%,10.4%,10.9%,12.6%,14.3%,14.2%,12.6%,11.2%,10.9%,12.8%,14.4%,14.0%,14.5%,15.1%,10.9%,12.3%,12.4%,13.4%,11.4%,11.0%,12.5%,11.4%,10.0%
"Income $ 35,000 - $49,999",13.6%,8.6%,11.0%,12.0%,12.5%,18.7%,13.3%,11.9%,11.4%,15.0%,15.4%,16.3%,14.9%,14.9%,10.4%,12.2%,11.3%,15.0%,13.1%,16.6%,12.8%,13.5%,14.6%
"Income $ 50,000 - $74,999",19.3%,9.0%,12.3%,14.4%,14.3%,19.9%,12.6%,14.8%,11.3%,15.3%,15.6%,13.2%,15.4%,13.2%,13.7%,14.0%,13.4%,17.3%,17.8%,17.9%,14.8%,19.9%,23.9%
"Income $ 75,000 - $99,999",14.7%,5.3%,7.2%,5.7%,6.3%,8.2%,7.4%,8.0%,6.5%,7.2%,6.5%,6.3%,6.7%,6.3%,7.3%,6.6%,10.3%,7.3%,10.8%,10.6%,11.9%,11.6%,15.3%
"Income $100,00 - $124,99",8.8%,3.8%,5.0%,3.7%,3.3%,4.4%,3.9%,5.2%,4.1%,4.4%,3.8%,3.5%,3.2%,3.0%,6.1%,5.8%,4.2%,5.1%,6.0%,6.9%,6.7%,7.6%,8.3%
"Income $125,00 - $149,99",5.9%,2.5%,3.9%,1.7%,1.9%,1.7%,3.2%,2.9%,1.5%,2.8%,2.2%,1.5%,2.1%,2.2%,3.3%,3.0%,2.3%,2.7%,3.1%,4.0%,3.1%,3.7%,4.6%
"Income $150,00 +",7.8%,3.2%,5.5%,3.5%,2.6%,2.2%,3.3%,7.1%,1.8%,3.1%,1.9%,2.3%,2.7%,2.2%,7.0%,4.0%,3.8%,3.5%,4.0%,6.1%,4.6%,5.7%,6.3%
 ,,,,,,,,,,,,,,,,,,,,,,,
Average Househo Income,"$77,409","$39,796","$57,318","$47,171","$43,541","$48,574","$47,899","$61,317","$37,930","$47,223","$44,664","$41,185","$45,149","$42,879","$62,738","$52,952","$47,355","$51,682","$55,088","$64,310","$55,322","$63,868","$73,052"
Median Househo Income,"$57,573","$19,272","$30,071","$27,815","$28,321","$38,452","$29,079","$34,912","$23,208","$33,023","$31,416","$30,317","$31,172","$29,244","$32,975","$31,500","$31,442","$35,675","$39,645","$45,865","$38,684","$48,387","$57,704"
Per Capita Income,"$29,573","$23,397","$25,798","$19,510","$17,387","$15,819","$19,964","$33,355","$16,835","$14,242","$13,499","$14,279","$14,581","$15,472","$28,853","$21,055","$20,641","$20,975","$21,958","$24,955","$21,401","$21,934","$29,793"
 ,,,,,,,,,,,,,,,,,,,,,,,
Vehicles Available,,,,,,,,,,,,,,,,,,,,,,,
0 Vehicles Available,7.1%,47.2%,38.2%,32.0%,29.7%,19.1%,33.5%,32.4%,35.7%,20.4%,18.3%,28.4%,19.5%,28.4%,33.3%,30.1%,28.8%,18.7%,16.8%,15.6%,16.6%,16.7%,9.2%
1 Vehicle Available,37.7%,40.1%,40.7%,42.5%,44.6%,45.6%,42.2%,51.3%,43.9%,40.1%,47.0%,47.1%,49.4%,46.1%,47.0%,44.2%,42.2%,51.7%,46.6%,47.6%,44.4%,46.2%,42.0%
2+ Vehicles Available,55.2%,12.8%,21.1%,25.5%,25.7%,35.4%,24.3%,16.3%,20.3%,39.5%,34.7%,24.5%,31.1%,25.5%,19.7%,25.6%,29.1%,29.6%,36.6%,36.7%,39.1%,37.1%,48.8%
Average Vehicles Per Househo,1.84,1.30,1.49,1.50,1.50,1.52,1.53,1.29,1.36,1.74,1.58,1.49,1.50,1.45,1.36,1.46,1.60,1.47,1.63,1.61,1.62,1.57,1.71
Total Vehicles Available,"25,113","8,911","10,247","15,802","14,470","19,217","11,864","13,627","4,712","13,704","13,264","3,005","16,799","11,982","12,344","6,959","3,821","3,794","27,948","22,308","13,871","20,909","9,598"
 ,,,,,,,,,,,,,,,,,,,,,,,
,,,,,,,,,,,,,,,,,,,,,,,
2010 Demographics:,,,,,,,,,,,,,,,,,,,,,,,
 ,,,,,,,,,,,,,,,,,,,,,,,
Total Populati,"36,501","12,954","17,201","28,988","28,433","43,537","22,207","19,827","9,263","32,042","31,280","7,003","39,185","27,549","23,335","13,777","5,908","8,210","47,580","38,749","24,925","44,841","14,172"
Total Househo,"13,947","7,150","7,593","11,633","11,246","13,924","8,879","10,436","3,791","9,668","9,388","2,279","12,041","9,690","10,410","5,350","2,416","3,216","18,528","14,776","9,488","15,256","5,784"
Female Populati,"18,967","6,340","8,806","14,987","15,353","23,084","11,703","10,939","4,698","15,475","15,442","3,233","18,589","14,442","12,551","7,344","2,913","4,346","25,628","21,487","13,413","24,053","7,623"
  % Female ,52.0%,48.9%,51.2%,51.7%,54.0%,53.0%,52.7%,55.2%,50.7%,48.3%,49.4%,46.2%,47.4%,52.4%,53.8%,53.3%,49.3%,52.9%,53.9%,55.5%,53.8%,53.6%,53.8%
Male Populati,"17,534","6,614","8,395","14,001","13,080","20,453","10,504","8,889","4,564","16,566","15,838","3,771","20,596","13,106","10,784","6,432","2,995","3,864","21,952","17,262","11,512","20,788","6,548"
  % Male ,48.0%,51.1%,48.8%,48.3%,46.0%,47.0%,47.3%,44.8%,49.3%,51.7%,50.6%,53.8%,52.6%,47.6%,46.2%,46.7%,50.7%,47.1%,46.1%,44.6%,46.2%,46.4%,46.2%
Populati Density (per Sq. Mi.),"4,744.46","6,347.05","4,985.31","3,452.96","5,614.88","6,683.98","7,037.04","3,162.06","3,207.16","4,274.71","6,191.41","1,617.42","7,198.76","4,489.45","4,263.86","3,840.11","2,537.87","3,524.37","5,560.83","7,471.96","4,177.81","7,751.52","5,491.52"
 ,,,,,,,,,,,,,,,,,,,,,,,
Employed Civilian Population 16+,,,,,,,,,,,,,,,,,,,,,,,
Total,"14,234","4,035","5,669","8,496","8,505","14,115","6,099","6,555","2,851","10,601","9,493","1,763","11,824","7,759","7,302","4,603","2,217","2,572","16,998","12,855","8,703","17,112","6,213"
  % White Collar,63.4%,62.3%,63.7%,46.6%,44.8%,40.6%,46.9%,68.7%,46.6%,33.6%,33.0%,55.6%,42.2%,38.2%,57.8%,51.1%,48.0%,55.3%,52.4%,62.0%,53.6%,52.7%,62.5%
  % Blue Collar,36.6%,37.7%,36.3%,53.4%,55.2%,59.4%,53.1%,31.3%,53.4%,66.4%,67.0%,44.4%,57.8%,61.8%,42.2%,48.9%,52.0%,44.7%,47.6%,38.0%,46.4%,47.3%,37.5%
 ,,,,,,,,,,,,,,,,,,,,,,,
Age:,,,,,,,,,,,,,,,,,,,,,,,
Age 0 - 4,6.8%,4.4%,5.1%,6.5%,6.9%,8.1%,6.2%,5.6%,7.0%,11.2%,10.6%,7.9%,8.7%,7.2%,5.6%,6.7%,7.7%,6.8%,6.4%,5.3%,6.9%,7.5%,6.2%
Age 5 - 14,14.1%,7.2%,9.6%,12.6%,13.2%,17.4%,12.8%,9.3%,12.0%,18.1%,19.0%,14.7%,16.2%,14.3%,10.9%,13.7%,13.0%,12.4%,13.8%,13.1%,15.1%,16.9%,14.6%
Age 15 - 19,7.4%,6.8%,10.9%,9.4%,8.5%,12.0%,8.9%,5.6%,7.7%,8.0%,8.7%,8.8%,8.2%,9.8%,7.7%,9.4%,6.8%,8.1%,8.9%,9.4%,9.5%,10.9%,8.1%
Age 20 - 24,6.1%,13.4%,10.7%,6.9%,7.1%,8.2%,7.3%,7.6%,8.8%,8.0%,7.9%,8.6%,8.3%,7.8%,6.5%,6.9%,7.6%,6.4%,7.1%,6.4%,7.4%,7.6%,5.1%
Age 25 - 34,11.9%,17.0%,13.7%,10.3%,11.0%,12.2%,11.2%,12.1%,13.1%,16.4%,15.5%,13.5%,15.0%,11.1%,9.6%,10.6%,16.1%,11.3%,11.8%,9.5%,12.0%,11.7%,11.7%
Age 35 - 44,12.1%,10.8%,11.6%,13.0%,12.5%,13.4%,12.3%,11.4%,12.6%,13.8%,13.1%,12.4%,13.2%,12.6%,11.4%,12.2%,13.5%,11.7%,13.3%,13.0%,12.9%,13.6%,15.8%
Age 45 - 54,14.0%,14.2%,14.0%,15.2%,14.6%,13.4%,15.0%,15.1%,16.4%,11.1%,10.8%,13.9%,12.6%,13.8%,15.5%,14.3%,15.2%,15.1%,13.7%,13.4%,14.8%,14.6%,14.4%
Age 55 - 64,10.5%,14.9%,13.2%,12.6%,11.2%,9.6%,11.6%,15.5%,11.6%,7.1%,7.4%,10.0%,9.4%,11.3%,15.5%,13.5%,10.5%,11.9%,13.8%,12.2%,12.8%,10.2%,11.3%
Age 65 - 74,7.4%,6.4%,6.0%,7.2%,6.9%,3.5%,6.0%,9.1%,5.2%,3.7%,3.6%,5.1%,4.3%,6.2%,7.9%,7.3%,5.2%,6.2%,6.7%,8.6%,5.5%,3.9%,5.1%
Age 75 - 84,6.6%,3.3%,3.3%,4.7%,5.8%,1.6%,5.7%,6.0%,3.9%,1.9%,2.3%,3.4%,2.6%,4.3%,6.4%,3.8%,3.0%,6.9%,3.3%,6.7%,2.3%,1.9%,4.6%
Age 85 +,3.1%,1.5%,1.8%,1.6%,2.4%,0.7%,3.1%,2.6%,1.8%,0.7%,1.1%,1.8%,1.5%,1.7%,3.0%,1.6%,1.4%,3.2%,1.3%,2.4%,0.7%,1.0%,3.0%
Median Age,38.2,36.0,34.9,38.5,37.7,28.5,38.1,43.5,36.3,27.9,27.5,32.1,30.6,34.8,43.7,37.3,34.2,39.3,36.6,40.0,34.2,31.2,37.6
 ,,,,,,,,,,,,,,,,,,,,,,,
Housing Units,,,,,,,,,,,,,,,,,,,,,,,
Total Housing Units,"14,927","9,577","10,631","15,797","15,683","18,532","13,294","12,755","5,062","12,195","12,492","3,148","15,372","13,044","13,766","7,294","3,064","3,977","22,785","17,459","12,305","19,460","6,471"
     Occupie Housing Units,93.4%,74.7%,71.4%,73.6%,71.7%,75.1%,66.8%,81.8%,74.9%,79.3%,75.2%,72.4%,78.3%,74.3%,75.6%,73.3%,78.9%,80.9%,81.3%,84.6%,77.1%,78.4%,89.4%
     Vacant Housing Units,6.6%,25.4%,28.6%,26.4%,28.3%,24.9%,33.2%,18.2%,25.1%,20.7%,24.9%,27.6%,21.7%,25.7%,24.4%,26.7%,21.1%,19.1%,18.7%,15.4%,22.9%,21.6%,10.6%
 ,,,,,,,,,,,,,,,,,,,,,,,
Housing Units by Tenure,,,,,,,,,,,,,,,,,,,,,,,
Total Househo in Tenure,"13,947","7,150","7,593","11,633","11,246","13,924","8,879","10,436","3,791","9,668","9,388","2,279","12,041","9,690","10,410","5,350","2,416","3,216","18,528","14,776","9,488","15,256","5,784"
Owner Occupie Housing Units,"10,670",594,"2,110","4,967","5,655","8,014","3,679","2,702","1,130","4,435","4,667","1,041","6,506","5,047","4,033","2,447",902,"2,105","11,025","10,060","5,620","9,099","4,123"
  Owner Occupie free and clear,38.7%,20.5%,41.9%,48.5%,52.3%,31.9%,54.1%,43.8%,58.8%,57.6%,60.0%,71.8%,49.5%,54.0%,54.3%,44.0%,46.2%,51.1%,30.3%,39.0%,30.7%,27.6%,28.2%
  Owner Occupie with a mortgag or loan,61.3%,79.5%,58.1%,51.5%,47.7%,68.1%,45.9%,56.2%,41.2%,42.4%,40.0%,28.2%,50.5%,46.0%,45.7%,56.0%,53.8%,48.9%,69.7%,61.0%,69.3%,72.4%,71.8%
Renter Occupie Housing Units,"3,277","6,556","5,483","6,666","5,591","5,910","5,200","7,734","2,661","5,232","4,721","1,239","5,534","4,643","6,377","2,902","1,514","1,111","7,503","4,716","3,868","6,157","1,662"
 ,,,,,,,,,,,,,,,,,,,,,,,
Race and Ethnicity,,,,,,,,,,,,,,,,,,,,,,,
"America Indian, Eskimo, Aleut",0.3%,0.6%,0.3%,0.3%,0.3%,0.3%,0.3%,0.3%,0.6%,1.5%,0.7%,0.3%,0.3%,0.3%,0.3%,0.4%,0.9%,0.4%,0.2%,0.2%,0.3%,0.2%,0.2%
Asian,2.1%,6.1%,2.6%,0.4%,0.1%,1.7%,0.3%,0.7%,0.4%,0.4%,0.5%,2.5%,21.4%,0.1%,0.3%,0.4%,0.4%,0.1%,0.3%,0.4%,0.2%,0.2%,1.5%
Black,8.5%,69.7%,82.5%,91.5%,96.5%,91.4%,94.8%,89.4%,82.9%,10.0%,28.9%,65.4%,36.6%,96.1%,91.2%,91.1%,42.2%,80.7%,90.3%,94.2%,88.8%,89.5%,45.6%
HawaiiaPacific Islander,0.0%,0.0%,0.0%,0.0%,0.0%,0.0%,0.0%,0.0%,0.0%,0.1%,0.1%,0.0%,0.0%,0.0%,0.0%,0.0%,0.0%,0.0%,0.0%,0.0%,0.0%,0.0%,0.0%
White,85.6%,20.1%,11.4%,5.4%,1.3%,4.7%,2.6%,7.1%,12.2%,50.3%,42.1%,27.2%,37.4%,2.0%,6.1%,6.1%,37.5%,10.9%,7.0%,3.1%,8.0%,7.8%,49.5%
Other,0.7%,0.5%,0.3%,0.4%,0.3%,0.2%,0.3%,0.4%,1.8%,32.4%,22.9%,0.7%,0.5%,0.2%,0.3%,0.2%,15.1%,5.5%,0.3%,0.3%,0.4%,0.3%,0.4%
Multi-Race,2.8%,3.0%,2.9%,2.0%,1.6%,1.7%,1.7%,2.1%,2.2%,5.4%,4.8%,4.0%,3.9%,1.4%,1.8%,1.9%,3.9%,2.4%,1.8%,1.8%,2.3%,2.0%,2.7%
 ,,,,,,,,,,,,,,,,,,,,,,,
Hispanic Ethnicity,3.5%,2.0%,1.5%,1.3%,1.0%,0.7%,1.2%,1.0%,4.4%,69.3%,48.3%,1.7%,1.4%,0.6%,0.8%,0.9%,35.9%,12.4%,0.9%,0.8%,1.2%,0.9%,2.0%
Not of Hispanic Ethnicity,96.5%,98.0%,98.5%,98.7%,99.0%,99.3%,98.8%,99.0%,95.6%,30.7%,51.7%,98.3%,98.6%,99.4%,99.2%,99.1%,64.1%,87.6%,99.1%,99.2%,98.8%,99.1%,98.0%
 ,,,,,,,,,,,,,,,,,,,,,,,
 ,,,,,,,,,,,,,,,,,,,,,,,
Race of Hispanics,,,,,,,,,,,,,,,,,,,,,,,
Hispanic,"1,263",264,261,373,298,321,262,198,410,"22,216","15,105",117,564,159,177,122,"2,120","1,019",438,326,294,409,280
America Indian,1.9%,3.3%,1.6%,1.3%,2.5%,6.4%,1.5%,3.5%,2.6%,1.7%,1.0%,0.9%,1.4%,0.3%,0.0%,0.0%,0.8%,0.8%,1.1%,3.7%,3.1%,1.2%,1.1%
Asian,0.2%,1.9%,1.7%,0.8%,0.0%,2.1%,1.7%,1.5%,0.0%,0.2%,0.1%,0.0%,5.1%,0.1%,0.6%,3.3%,0.3%,0.0%,1.7%,0.6%,0.1%,1.0%,1.8%
Black,2.1%,22.5%,33.5%,42.8%,42.0%,40.1%,43.7%,38.7%,12.3%,1.8%,2.5%,23.2%,18.8%,64.5%,41.1%,51.9%,3.4%,5.5%,39.8%,49.8%,42.8%,39.5%,13.1%
HawaiiaPacific Islander,0.2%,0.0%,0.0%,0.3%,0.0%,0.0%,0.0%,0.5%,0.0%,0.1%,0.1%,0.0%,0.5%,0.0%,0.0%,0.8%,0.0%,0.0%,0.1%,0.3%,0.2%,0.5%,0.0%
White,70.6%,37.1%,36.9%,16.8%,21.3%,20.3%,23.7%,22.5%,35.2%,44.0%,44.1%,31.8%,44.7%,8.9%,26.2%,22.5%,49.1%,42.3%,25.3%,14.9%,18.5%,22.3%,54.1%
Other,16.3%,16.0%,10.7%,18.8%,21.8%,11.4%,15.4%,17.1%,36.3%,46.6%,46.9%,32.3%,15.4%,11.0%,17.6%,6.6%,42.1%,43.3%,19.6%,12.5%,19.7%,15.0%,13.2%
Multi-Race,8.6%,19.2%,15.6%,19.2%,12.5%,19.7%,13.8%,16.2%,13.5%,5.7%,5.3%,11.8%,13.9%,15.3%,14.5%,14.9%,4.3%,8.1%,12.4%,18.2%,15.6%,20.4%,16.8%
 ,,,,,,,,,,,,,,,,,,,,,,,
 ,,,,,,,,,,,,,,,,,,,,,,,
Race of Non Hispanics,,,,,,,,,,,,,,,,,,,,,,,
Non Hispanic,"35,238","12,690","16,939","28,615","28,135","43,216","21,945","19,629","8,853","9,825","16,175","6,887","38,621","27,389","23,158","13,654","3,788","7,191","47,142","38,423","24,631","44,432","13,892"
America Indian,0.2%,0.6%,0.3%,0.3%,0.2%,0.2%,0.3%,0.3%,0.5%,1.2%,0.5%,0.3%,0.3%,0.2%,0.3%,0.4%,0.9%,0.3%,0.2%,0.2%,0.3%,0.2%,0.2%
Asian,2.1%,6.1%,2.6%,0.4%,0.1%,1.7%,0.3%,0.7%,0.4%,0.9%,0.8%,2.5%,21.6%,0.1%,0.3%,0.3%,0.4%,0.1%,0.3%,0.4%,0.2%,0.2%,1.5%
Black,8.7%,70.6%,83.3%,92.2%,97.0%,91.8%,95.4%,89.9%,86.2%,28.5%,53.5%,66.1%,36.9%,96.3%,91.6%,91.5%,63.9%,91.4%,90.7%,94.6%,89.4%,89.9%,46.3%
HawaiiaPacific Islander,0.0%,0.0%,0.0%,0.0%,0.0%,0.0%,0.0%,0.0%,0.0%,0.0%,0.1%,0.0%,0.0%,0.0%,0.0%,0.0%,0.1%,0.0%,0.0%,0.0%,0.0%,0.0%,0.0%
White,86.1%,19.8%,11.0%,5.3%,1.1%,4.6%,2.4%,7.0%,11.1%,64.4%,40.2%,27.2%,37.3%,1.9%,5.9%,5.9%,31.0%,6.5%,6.8%,3.0%,7.9%,7.6%,49.4%
Other,0.2%,0.2%,0.1%,0.1%,0.1%,0.1%,0.2%,0.2%,0.2%,0.2%,0.6%,0.1%,0.2%,0.1%,0.2%,0.1%,0.1%,0.1%,0.1%,0.2%,0.1%,0.2%,0.1%
Multi-Race,2.6%,2.7%,2.7%,1.8%,1.5%,1.5%,1.5%,1.9%,1.7%,4.7%,4.3%,3.8%,3.7%,1.3%,1.7%,1.8%,3.6%,1.6%,1.7%,1.7%,2.1%,1.8%,2.4%
 ,,,,,,,,,,,,,,,,,,,,,,,
Marital Status:,,,,,,,,,,,,,,,,,,,,,,,
Age 15 + Populati,"28,883","11,449","14,656","23,456","22,722","32,457","17,990","16,881","7,506","22,672","22,040","5,417","29,434","21,635","19,478","10,962","4,688","6,631","37,986","31,620","19,430","33,885","11,224"
Divorced,9.2%,18.1%,13.4%,13.4%,14.5%,11.8%,13.9%,18.5%,12.6%,12.1%,11.1%,11.0%,9.4%,9.8%,13.5%,11.8%,13.5%,14.9%,12.6%,12.9%,11.4%,10.6%,11.0%
Never Married,28.0%,54.9%,57.7%,54.2%,53.5%,56.5%,53.6%,52.7%,61.2%,43.9%,48.1%,52.2%,45.0%,58.0%,47.8%,54.5%,49.8%,47.5%,48.7%,45.4%,50.6%,53.9%,38.3%
Now Married,52.6%,19.1%,20.4%,24.8%,23.1%,25.7%,22.8%,18.5%,16.3%,36.7%,33.1%,30.9%,39.8%,22.3%,23.4%,23.2%,29.6%,20.5%,30.3%,30.8%,32.4%,28.9%,43.5%
  Now Married - Separate,1.1%,4.7%,3.6%,6.2%,5.3%,2.9%,5.0%,4.9%,4.5%,3.2%,2.7%,4.3%,3.7%,3.0%,6.0%,5.6%,5.3%,2.8%,4.7%,3.1%,4.2%,3.5%,2.3%
Widowe,10.2%,7.9%,8.5%,7.6%,8.9%,6.0%,9.8%,10.4%,10.0%,7.3%,7.8%,5.9%,5.8%,10.0%,15.3%,10.5%,7.2%,17.1%,8.4%,11.0%,5.6%,6.6%,7.2%
 ,,,,,,,,,,,,,,,,,,,,,,,
Educational Attainment:,,,,,,,,,,,,,,,,,,,,,,,
Total Populati Age 25+,"23,952","8,830","10,939","18,731","18,292","23,641","14,407","14,250","5,979","17,552","16,846","4,198","22,969","16,771","16,169","8,712","3,837","5,441","30,405","25,519","15,214","25,597","9,352"
Grade K - 8,4.5%,4.0%,2.3%,3.4%,4.2%,2.4%,3.8%,3.0%,5.9%,23.2%,17.7%,3.5%,4.7%,3.0%,5.0%,2.9%,15.1%,6.8%,1.4%,1.1%,0.7%,1.8%,1.2%
Grade 9 - 12,7.6%,17.5%,13.6%,18.3%,19.6%,16.9%,17.1%,15.5%,19.1%,24.3%,21.5%,19.0%,18.8%,21.7%,19.8%,21.6%,19.5%,16.9%,13.2%,11.1%,16.0%,14.1%,6.6%
High School Graduat,30.6%,28.9%,31.4%,33.7%,35.8%,38.7%,40.5%,28.6%,35.9%,28.6%,33.7%,35.0%,28.7%,39.1%,28.1%,32.8%,29.8%,40.4%,30.9%,25.4%,29.9%,32.6%,20.9%
Associat Degree,6.5%,6.3%,7.9%,5.5%,5.5%,4.5%,5.9%,9.1%,5.4%,2.2%,3.0%,4.2%,5.4%,5.2%,5.8%,6.3%,5.6%,3.6%,7.7%,7.8%,7.3%,6.3%,10.6%
Bachelor' Degree,13.6%,9.0%,6.5%,8.0%,3.9%,6.3%,4.4%,7.9%,6.4%,1.8%,2.9%,6.6%,9.5%,4.8%,8.7%,6.2%,6.2%,1.7%,7.4%,11.2%,8.2%,10.3%,24.6%
Graduat Degree,7.6%,10.7%,10.9%,5.4%,2.0%,2.5%,4.1%,12.6%,1.5%,0.6%,0.6%,3.6%,5.1%,1.7%,6.8%,4.1%,5.9%,1.2%,5.6%,12.2%,6.2%,4.7%,12.1%
"Some College, No Degree",28.0%,22.7%,26.6%,23.2%,27.5%,27.7%,23.2%,22.4%,24.1%,14.1%,15.7%,19.8%,18.3%,23.2%,24.3%,25.2%,14.7%,28.2%,32.5%,29.6%,30.5%,29.8%,23.7%
No Schoolin Complet,1.6%,1.0%,0.6%,2.4%,1.6%,0.9%,0.9%,0.9%,1.7%,5.2%,4.9%,8.3%,9.4%,1.3%,1.5%,0.9%,3.2%,1.2%,1.2%,1.6%,1.2%,0.5%,0.3%
 ,,,,,,,,,,,,,,,,,,,,,,,
Household Income:,,,,,,,,,,,,,,,,,,,,,,,
"Income $ 0 - $9,999",5.7%,39.1%,27.6%,25.8%,21.8%,18.9%,25.3%,25.2%,30.1%,22.1%,21.8%,25.6%,20.4%,21.6%,25.6%,25.3%,26.5%,14.6%,14.6%,11.2%,16.4%,14.3%,6.8%
"Income $ 10,000 - $14,999",5.7%,15.9%,14.4%,13.7%,12.0%,8.6%,11.5%,12.0%,14.7%,12.1%,11.1%,14.1%,10.9%,12.9%,13.6%,14.1%,16.4%,11.1%,7.3%,7.8%,8.4%,8.2%,4.5%
"Income $ 15,000 - $24,999",13.8%,16.3%,16.3%,18.2%,19.4%,15.5%,17.4%,16.8%,20.0%,17.1%,18.5%,14.8%,19.9%,20.1%,17.9%,16.5%,11.6%,20.3%,15.4%,13.6%,14.5%,13.1%,13.8%
"Income $ 25,000 - $34,999",14.5%,10.7%,12.6%,12.9%,16.1%,14.3%,14.7%,12.5%,11.7%,15.3%,16.8%,13.6%,15.5%,15.7%,11.6%,14.8%,17.1%,16.9%,13.3%,13.2%,14.7%,14.9%,12.9%
"Income $ 35,000 - $49,999",15.3%,6.6%,10.6%,9.2%,11.8%,14.8%,12.6%,11.6%,9.6%,13.7%,12.2%,13.5%,13.6%,12.0%,10.1%,10.8%,9.0%,14.0%,14.5%,16.1%,13.0%,14.3%,17.5%
"Income $ 50,000 - $74,999",17.5%,4.9%,7.8%,10.5%,10.5%,14.9%,8.4%,10.1%,6.9%,10.8%,11.4%,9.7%,10.9%,9.1%,8.7%,9.0%,8.3%,13.2%,16.3%,15.3%,12.5%,16.0%,20.8%
"Income $ 75,000 - $99,999",13.3%,2.8%,4.6%,3.9%,4.4%,7.4%,5.4%,5.0%,3.9%,4.3%,4.5%,4.7%,4.6%,4.5%,4.8%,4.0%,7.4%,4.8%,9.2%,10.5%,10.2%,9.6%,12.4%
"Income $100,00 - $124,99",6.7%,1.6%,2.3%,2.8%,1.9%,3.2%,2.1%,3.0%,2.1%,2.8%,2.1%,2.3%,1.7%,1.7%,4.1%,3.1%,1.6%,2.9%,4.9%,5.9%,5.5%,5.4%,6.0%
"Income $125,00 - $149,99",3.9%,1.2%,2.0%,1.1%,0.8%,1.3%,1.3%,1.2%,0.6%,0.9%,0.8%,0.8%,1.3%,1.5%,1.3%,1.0%,1.0%,0.6%,2.2%,3.2%,2.0%,2.0%,2.8%
"Income $150,00 +",3.8%,0.9%,1.8%,2.0%,1.2%,1.1%,1.3%,2.6%,0.6%,0.9%,0.9%,0.9%,1.2%,1.0%,2.4%,1.4%,1.0%,1.6%,2.3%,3.1%,2.8%,2.3%,2.7%
 ,,,,,,,,,,,,,,,,,,,,,,,
Average Househo Income,"$60,461","$24,502","$35,091","$35,674","$33,560","$39,536","$34,525","$38,197","$27,088","$33,867","$33,814","$31,581","$34,473","$33,082","$38,152","$34,225","$32,065","$38,368","$47,452","$53,164","$46,799","$47,969","$56,236"
Median Househo Income,"$45,115","$13,243","$20,445","$20,268","$23,064","$30,414","$22,677","$22,706","$17,401","$24,223","$24,189","$21,311","$24,374","$22,733","$21,374","$21,828","$20,898","$27,223","$34,503","$38,320","$31,932","$34,677","$44,136"
Per Capita Income,"$23,232","$14,658","$15,952","$14,767","$13,363","$12,720","$14,422","$20,444","$12,243","$10,248","$10,173","$11,404","$11,369","$11,909","$17,633","$13,673","$13,983","$15,036","$18,622","$20,344","$17,853","$16,403","$23,122"
 ,,,,,,,,,,,,,,,,,,,,,,,
Vehicles Available,,,,,,,,,,,,,,,,,,,,,,,
0 Vehicles Available,8.6%,52.4%,43.1%,30.6%,31.1%,21.7%,39.2%,37.0%,39.5%,23.4%,21.5%,28.8%,18.9%,30.0%,34.1%,34.0%,34.9%,19.9%,13.9%,12.1%,15.9%,16.8%,8.8%
1 Vehicle Available,40.2%,37.7%,39.5%,42.7%,46.0%,42.4%,41.9%,49.2%,44.3%,44.2%,51.4%,46.7%,50.0%,45.5%,49.1%,46.5%,43.3%,54.1%,49.4%,53.1%,45.5%,47.3%,38.7%
2+ Vehicles Available,51.3%,9.9%,17.4%,26.7%,22.9%,35.9%,18.9%,13.9%,16.3%,32.4%,27.2%,24.5%,31.1%,24.5%,16.8%,19.6%,21.8%,26.0%,36.7%,34.8%,38.6%,35.9%,52.5%
Average Vehicles Per Househo,1.72,1.33,1.51,1.52,1.43,1.54,1.45,1.28,1.31,1.64,1.46,1.50,1.49,1.45,1.32,1.39,1.55,1.40,1.60,1.57,1.59,1.55,1.73
Total Vehicles Available,"23,958","9,494","11,437","17,730","16,100","21,397","12,890","13,393","4,953","15,838","13,691","3,408","17,918","14,045","13,749","7,459","3,755","4,499","29,570","23,162","15,069","23,599","10,034"
 ,,,,,,,,,,,,,,,,,,,,,,,
2000 Census Demographics:,,,,,,,,,,,,,,,,,,,,,,,
 ,,,,,,,,,,,,,,,,,,,,,,,
Total Populati,"35,555","15,183","21,861","45,371","42,463","65,574","32,934","25,328","12,306","38,894","39,934","10,315","46,007","44,752","33,499","19,264","6,244","10,515","59,964","45,770","35,631","55,859","14,192"
Total Househo,"14,381","7,585","9,005","16,452","15,404","19,486","12,151","11,625","4,826","11,740","12,839","3,183","15,246","14,054","13,333","6,821","2,374","3,973","21,730","16,744","12,324","18,755","6,261"
Female Populati,"18,580","7,312","11,126","24,174","22,960","34,847","17,892","13,883","6,364","18,280","19,633","4,882","22,494","23,982","18,114","10,218","3,013","5,574","32,282","25,052","19,005","29,867","7,571"
  % Female ,52.3%,48.2%,50.9%,53.3%,54.1%,53.1%,54.3%,54.8%,51.7%,47.0%,49.2%,47.3%,48.9%,53.6%,54.1%,53.0%,48.3%,53.0%,53.8%,54.7%,53.3%,53.5%,53.4%
Male Populati,"16,975","7,872","10,734","21,196","19,503","30,727","15,042","11,445","5,942","20,614","20,300","5,433","23,514","20,770","15,385","9,046","3,231","4,941","27,681","20,717","16,626","25,992","6,621"
  % Male ,47.7%,51.8%,49.1%,46.7%,45.9%,46.9%,45.7%,45.2%,48.3%,53.0%,50.8%,52.7%,51.1%,46.4%,45.9%,47.0%,51.7%,47.0%,46.2%,45.3%,46.7%,46.5%,46.7%
 ,,,,,,,,,,,,,,,,,,,,,,,
Employed Civilian Population 16+,,,,,,,,,,,,,,,,,,,,,,,
Total,"15,418","5,052","7,500","13,457","13,034","21,561","9,570","8,744","3,508","12,908","12,051","2,592","14,780","12,599","10,481","6,458","2,255","3,212","24,906","18,437","13,636","22,744","6,803"
  % White Collar,64.3%,60.9%,59.9%,54.1%,50.7%,47.1%,53.5%,66.3%,51.7%,28.7%,36.1%,44.7%,42.7%,44.8%,53.2%,48.5%,45.6%,50.0%,56.8%,62.3%,55.9%,55.7%,70.4%
  % Blue Collar,35.7%,39.1%,40.1%,45.9%,49.3%,52.9%,46.5%,33.7%,48.4%,71.3%,63.9%,55.3%,57.3%,55.2%,46.8%,51.5%,54.4%,50.0%,43.2%,37.7%,44.1%,44.3%,29.6%
 ,,,,,,,,,,,,,,,,,,,,,,,
Age:,,,,,,,,,,,,,,,,,,,,,,,
Age 0 - 4,6.0%,5.9%,6.6%,8.5%,7.8%,9.3%,8.1%,5.7%,6.7%,10.0%,10.0%,7.7%,8.3%,8.9%,6.4%,7.9%,8.3%,5.8%,7.4%,6.0%,8.9%,8.1%,6.3%
Age 5 - 14,12.3%,11.6%,14.3%,18.8%,18.4%,25.0%,18.3%,14.2%,16.1%,17.7%,18.7%,16.9%,17.6%,22.0%,14.8%,19.3%,14.7%,16.0%,18.0%,15.2%,20.4%,20.8%,12.3%
Age 15 - 19,6.0%,4.9%,5.8%,7.0%,6.6%,9.1%,6.6%,5.9%,6.6%,8.5%,7.8%,8.2%,6.7%,7.9%,6.2%,7.1%,6.7%,6.5%,7.0%,7.0%,7.3%,8.0%,5.2%
Age 20 - 24,4.9%,7.9%,8.8%,6.8%,7.0%,6.6%,6.5%,5.7%,6.1%,9.7%,7.8%,7.8%,6.8%,7.1%,6.2%,6.6%,7.8%,6.4%,6.8%,5.9%,7.0%,6.6%,4.1%
Age 25 - 34,12.7%,19.5%,15.5%,14.3%,13.7%,15.1%,13.0%,14.0%,14.2%,17.0%,16.0%,16.3%,16.2%,13.8%,13.1%,13.7%,16.9%,11.3%,15.1%,12.8%,15.9%,15.7%,17.4%
Age 35 - 44,15.0%,15.3%,15.5%,13.9%,13.0%,15.0%,13.9%,14.3%,15.6%,14.4%,14.3%,14.4%,15.9%,13.2%,14.2%,14.6%,16.9%,14.5%,15.2%,13.9%,15.7%,16.9%,15.8%
Age 45 - 54,12.5%,13.6%,13.4%,11.8%,11.1%,10.4%,11.5%,14.3%,13.3%,9.7%,9.5%,11.2%,11.2%,11.0%,13.2%,13.6%,11.8%,12.6%,14.6%,13.1%,12.8%,11.8%,12.5%
Age 55 - 64,9.5%,8.0%,7.5%,7.5%,7.7%,4.5%,6.7%,9.3%,7.8%,6.0%,6.1%,6.6%,5.9%,6.8%,7.2%,7.8%,7.9%,7.1%,7.5%,10.1%,6.4%,5.4%,6.4%
Age 65 - 74,10.6%,6.4%,5.7%,6.5%,8.2%,2.5%,7.2%,8.7%,7.1%,3.9%,4.9%,5.3%,5.4%,5.5%,8.4%,6.2%,5.3%,10.5%,4.2%,9.4%,3.3%,3.2%,7.5%
Age 75 - 84,8.5%,4.8%,4.6%,3.9%,5.1%,2.1%,6.5%,6.0%,4.6%,2.5%,3.8%,4.5%,4.4%,3.0%,7.4%,2.5%,2.5%,8.2%,2.9%,5.4%,1.8%,2.5%,9.2%
Age 85 +,2.2%,2.0%,2.3%,1.0%,1.4%,0.6%,1.7%,2.0%,1.8%,0.7%,1.0%,1.0%,1.6%,0.7%,2.9%,0.8%,1.1%,1.2%,1.2%,1.1%,0.5%,1.0%,3.2%
 ,,,,,,,,,,,,,,,,,,,,,,,
Median Age,40.7,35.1,34.4,31.0,32.3,25.0,33.1,38.8,35.3,27.2,28.4,30.8,31.5,27.8,37.5,31.3,32.1,37.8,32.0,37.2,29.0,29.2,38.2
 ,,,,,,,,,,,,,,,,,,,,,,,
Housing Units ,,,,,,,,,,,,,,,,,,,,,,,
Total Housing Units,"14,765","9,636","10,703","18,924","17,549","21,266","14,552","12,902","6,163","13,189","14,816","3,983","17,193","15,961","15,490","8,152","2,900","4,308","22,925","17,597","13,489","19,960","6,482"
     Owner Occupie Housing Units,81.4%,3.0%,22.8%,36.8%,44.6%,58.8%,35.1%,23.5%,25.1%,41.1%,43.9%,36.2%,48.4%,44.8%,34.9%,35.9%,31.7%,65.4%,63.3%,70.3%,55.3%,67.3%,79.4%
     Renter Occupie Housing Units,16.0%,75.7%,61.3%,50.2%,43.1%,32.8%,48.5%,66.6%,53.2%,47.9%,42.8%,43.7%,40.3%,43.3%,51.1%,47.8%,50.2%,26.8%,31.5%,24.9%,36.0%,26.7%,17.2%
     Vacant Housing Units,2.6%,21.3%,15.9%,13.1%,12.2%,8.4%,16.5%,9.9%,21.7%,11.0%,13.4%,20.1%,11.3%,12.0%,13.9%,16.3%,18.1%,7.8%,5.2%,4.9%,8.6%,6.0%,3.4%
 ,,,,,,,,,,,,,,,,,,,,,,,
Race and Ethnicity,,,,,,,,,,,,,,,,,,,,,,,
"America Indian, Eskimo, Aleut",0.6%,0.3%,0.2%,0.3%,0.2%,0.3%,0.2%,0.2%,0.8%,1.1%,0.7%,0.3%,0.6%,0.3%,0.5%,0.3%,2.7%,0.5%,0.3%,0.2%,0.7%,0.2%,0.6%
Asian,2.7%,5.9%,2.7%,0.3%,0.2%,3.3%,0.5%,0.7%,0.4%,0.4%,1.0%,1.7%,8.1%,0.1%,0.4%,0.8%,0.6%,0.2%,0.5%,0.6%,0.8%,0.5%,1.5%
Hawaiia or other Pacific Islander,0.0%,0.0%,0.1%,0.0%,0.0%,0.0%,0.0%,0.0%,0.0%,0.1%,0.1%,0.0%,0.1%,0.0%,0.0%,0.0%,0.3%,0.0%,0.0%,0.0%,0.0%,0.0%,0.0%
Black,2.7%,74.9%,86.2%,86.0%,96.5%,83.6%,95.4%,90.1%,86.8%,9.2%,39.1%,74.3%,42.6%,96.3%,90.8%,87.8%,31.8%,86.0%,85.3%,94.4%,82.7%,79.8%,9.6%
White,89.7%,15.9%,8.4%,9.6%,1.7%,10.3%,1.9%,7.2%,9.6%,51.4%,36.8%,15.5%,38.7%,2.2%,7.2%,9.1%,37.7%,9.5%,11.8%,3.5%,13.4%,17.4%,86.7%
Other,0.9%,0.7%,0.3%,0.3%,0.1%,0.2%,0.8%,0.6%,0.9%,32.4%,16.1%,0.6%,0.5%,0.2%,0.3%,0.4%,23.9%,2.5%,0.4%,0.2%,0.5%,0.4%,0.2%
Two or More Races,3.3%,2.3%,2.1%,3.4%,1.3%,2.2%,1.2%,1.3%,1.5%,5.5%,6.2%,7.5%,9.4%,0.9%,1.0%,1.7%,3.1%,1.2%,1.7%,1.1%,1.9%,1.7%,1.3%
 ,,,,,,,,,,,,,,,,,,,,,,,
Hispanic Ethnicity,3.5%,2.2%,0.6%,0.7%,0.7%,0.7%,0.9%,1.0%,1.8%,58.0%,29.8%,1.4%,1.8%,0.7%,0.7%,1.7%,42.5%,5.6%,0.9%,0.8%,1.0%,1.0%,1.9%
Not of Hispanic Ethnicity,96.5%,97.8%,99.4%,99.3%,99.3%,99.3%,99.1%,99.0%,98.2%,42.0%,70.2%,98.6%,98.2%,99.3%,99.3%,98.3%,57.5%,94.4%,99.1%,99.2%,99.1%,99.0%,98.1%
 ,,,,,,,,,,,,,,,,,,,,,,,
Marital Status:,,,,,,,,,,,,,,,,,,,,,,,
Age 15 + Populati,"29,041","12,525","17,291","33,002","31,330","43,071","24,225","20,296","9,499","28,104","28,472","7,778","34,111","30,899","26,396","14,028","4,804","8,226","44,717","36,048","25,175","39,727","11,550"
Divorced,8.8%,12.4%,11.5%,12.4%,13.0%,11.2%,13.7%,17.4%,12.4%,10.7%,10.3%,10.6%,9.0%,11.3%,13.7%,13.0%,11.8%,12.4%,13.6%,13.1%,13.6%,11.7%,12.2%
Never Married,23.3%,52.2%,48.7%,45.8%,46.0%,47.7%,44.9%,44.6%,48.4%,39.0%,42.2%,47.0%,36.5%,49.7%,45.5%,47.4%,43.6%,36.5%,40.3%,36.9%,44.0%,42.7%,26.4%
Now Married,54.2%,9.8%,17.8%,23.3%,22.5%,29.7%,19.6%,16.7%,16.2%,34.5%,30.3%,18.3%,31.1%,21.3%,17.7%,22.0%,26.0%,31.4%,33.0%,33.9%,31.8%,34.4%,49.7%
Separate,3.1%,17.6%,11.4%,9.3%,7.8%,6.5%,9.6%,9.7%,10.8%,9.6%,9.4%,16.4%,13.8%,8.8%,9.9%,7.7%,10.9%,6.8%,6.2%,6.0%,5.2%,5.1%,1.7%
Widowe,10.6%,11.1%,10.1%,9.1%,10.4%,5.0%,12.0%,11.7%,12.6%,6.0%,7.6%,9.0%,9.4%,8.4%,13.7%,8.8%,7.0%,12.9%,6.9%,10.0%,5.0%,6.0%,10.1%
 ,,,,,,,,,,,,,,,,,,,,,,,
Educational Attainment:,,,,,,,,,,,,,,,,,,,,,,,
Total Populati Age 25+,"25,182","10,959","14,037","26,701","25,444","32,828","19,876","17,390","7,965","21,006","22,182","6,188","27,819","24,096","22,356","11,264","3,868","6,834","36,431","30,059","19,990","31,557","10,217"
Grade K - 8,5.9%,5.4%,6.7%,6.6%,5.4%,4.2%,5.6%,5.8%,6.8%,20.6%,15.0%,9.6%,8.3%,6.4%,6.6%,6.4%,13.5%,7.3%,3.1%,3.5%,3.3%,2.6%,3.5%
"Grade 9 - 11, No diploma",12.5%,28.5%,20.1%,24.9%,27.2%,24.8%,24.5%,24.0%,28.4%,30.0%,29.7%,29.2%,24.9%,30.8%,25.7%,28.4%,24.3%,26.2%,16.7%,14.2%,18.1%,16.7%,10.7%
High School Graduat,31.8%,25.4%,24.5%,30.1%,32.2%,33.9%,28.0%,22.1%,28.7%,26.5%,29.9%,33.1%,35.2%,32.4%,27.6%,29.1%,26.4%,31.1%,29.3%,25.7%,28.4%,30.0%,26.6%
Associat Degree,7.4%,3.7%,5.0%,5.0%,4.1%,4.8%,4.7%,4.0%,5.4%,2.1%,3.6%,2.0%,3.4%,3.6%,4.7%,4.7%,5.2%,2.6%,7.1%,6.8%,6.6%,7.1%,5.0%
Bachelor' Degree,14.3%,8.7%,8.7%,4.8%,5.1%,4.8%,6.3%,10.2%,6.1%,2.4%,2.7%,3.6%,5.1%,2.9%,6.7%,5.6%,6.3%,4.4%,10.1%,11.8%,9.1%,9.4%,17.6%
Graduat Degree,7.3%,8.8%,8.5%,4.1%,2.1%,1.5%,4.0%,10.9%,3.7%,1.5%,1.4%,2.0%,3.3%,1.2%,4.9%,3.2%,6.0%,1.8%,4.7%,10.5%,6.5%,4.6%,10.3%
"Some College, No Degree",19.4%,17.3%,23.9%,21.3%,22.4%,23.8%,24.3%,21.2%,17.8%,11.6%,13.5%,16.2%,15.4%,20.3%,20.9%,20.9%,14.8%,24.8%,28.3%,26.5%,27.1%,28.8%,25.3%
No Schoolin Complet,1.4%,2.3%,2.6%,3.2%,1.7%,2.3%,2.6%,1.9%,3.1%,5.3%,4.1%,4.2%,4.4%,2.5%,3.1%,1.8%,3.5%,1.9%,0.7%,1.0%,0.8%,0.8%,0.9%
 ,,,,,,,,,,,,,,,,,,,,,,,
Public School Enrollme,76.0%,91.4%,81.5%,89.4%,90.0%,89.0%,89.0%,89.5%,91.1%,89.6%,91.1%,88.6%,89.2%,92.8%,89.5%,90.4%,87.1%,91.6%,81.3%,80.6%,85.0%,84.5%,80.4%
Private School Enrollme,24.0%,8.6%,18.6%,10.6%,10.0%,11.0%,11.0%,10.5%,8.9%,10.4%,8.9%,11.4%,10.8%,7.2%,10.5%,9.6%,12.9%,8.4%,18.7%,19.5%,15.0%,15.5%,19.6%
 ,,,,,,,,,,,,,,,,,,,,,,,
Household Income:,,,,,,,,,,,,,,,,,,,,,,,
"Income $ 0 - $9,999",4.8%,42.8%,26.5%,27.7%,21.9%,16.4%,24.2%,25.2%,33.6%,22.3%,20.8%,27.9%,21.5%,22.9%,26.5%,26.9%,28.4%,18.3%,13.0%,11.2%,16.1%,9.9%,6.0%
"Income $ 10,000 - $14,999",4.9%,12.0%,12.2%,10.6%,9.3%,7.9%,9.9%,8.2%,11.1%,10.7%,11.8%,8.9%,8.7%,9.3%,10.8%,7.9%,8.7%,6.0%,6.0%,5.4%,6.8%,5.7%,4.7%
"Income $ 15,000 - $24,999",11.2%,17.2%,18.5%,16.6%,18.2%,16.3%,17.9%,17.2%,17.7%,16.4%,19.1%,20.8%,18.7%,18.5%,18.1%,15.6%,13.4%,19.0%,13.1%,12.5%,13.9%,13.1%,11.3%
"Income $ 25,000 - $34,999",12.7%,10.5%,12.4%,11.7%,14.6%,13.5%,12.9%,11.0%,11.7%,13.9%,14.2%,13.8%,15.0%,15.0%,11.9%,15.1%,14.9%,15.1%,12.5%,13.2%,13.0%,14.1%,12.5%
"Income $ 35,000 - $49,999",16.8%,8.1%,11.9%,11.8%,15.6%,16.6%,13.6%,13.4%,10.4%,16.4%,13.7%,11.2%,14.8%,12.8%,10.4%,11.3%,13.9%,13.7%,16.5%,15.3%,14.7%,17.8%,18.6%
"Income $ 50,000 - $74,999",23.5%,5.4%,9.4%,10.7%,11.8%,16.7%,11.3%,13.5%,9.9%,11.9%,12.9%,7.4%,13.5%,11.6%,10.1%,12.9%,10.6%,15.8%,19.4%,18.2%,17.6%,19.6%,25.3%
"Income $ 75,000 - $99,999",13.1%,2.0%,5.1%,5.6%,4.4%,7.7%,4.5%,5.3%,2.9%,4.3%,4.1%,5.4%,4.5%,5.4%,5.9%,4.3%,6.0%,5.9%,10.3%,10.9%,9.8%,11.1%,12.6%
"Income $100,00 - $124,99",6.3%,0.9%,1.8%,2.3%,2.0%,2.9%,2.6%,3.4%,1.9%,2.4%,1.7%,1.4%,1.9%,1.6%,2.6%,3.3%,1.2%,1.6%,4.6%,6.6%,4.6%,5.3%,5.1%
"Income $125,00 - $149,99",3.8%,0.5%,1.1%,1.3%,1.0%,1.1%,0.8%,1.4%,1.0%,1.0%,0.6%,0.4%,0.8%,0.9%,1.4%,1.0%,0.6%,1.1%,2.2%,2.6%,1.8%,1.9%,1.5%
"Income $150,00 - $199,99",1.5%,0.8%,0.7%,0.8%,0.6%,0.6%,0.7%,0.6%,0.3%,0.5%,0.3%,0.0%,0.7%,0.5%,1.0%,0.5%,0.7%,0.6%,1.2%,2.5%,1.5%,0.8%,1.2%
"Income $200,00 or More",1.5%,0.2%,0.9%,1.1%,0.9%,0.7%,1.2%,1.0%,0.4%,0.7%,0.9%,0.6%,0.7%,0.7%,1.1%,1.3%,1.2%,1.4%,1.0%,1.6%,0.8%,0.7%,0.9%
 ,,,,,,,,,,,,,,,,,,,,,,,
Average Househo Income,"$59,667","$21,642","$32,956","$35,367","$35,541","$41,292","$37,225","$39,454","$27,967","$36,743","$33,963","$27,857","$34,671","$34,287","$35,228","$39,452","$39,145","$46,656","$48,753","$53,844","$45,451","$49,755","$55,543"
Median Househo Income,"$49,668","$12,836","$21,303","$21,780","$25,426","$32,051","$23,861","$24,619","$18,064","$25,563","$24,096","$20,904","$25,767","$24,350","$21,709","$24,722","$24,485","$27,836","$39,438","$41,632","$35,440","$40,827","$47,209"
Per Capita Income,"$24,134","$10,812","$13,575","$12,824","$12,893","$12,271","$13,735","$18,108","$10,968","$11,091","$10,919","$8,597","$11,489","$10,768","$14,021","$13,970","$14,885","$17,628","$17,668","$19,697","$15,721","$16,705","$24,503"
 ,,,,,,,,,,,,,,,,,,,,,,,
 ,,,,,,,,,,,,,,,,,,,,,,,
Vehicles Available,,,,,,,,,,,,,,,,,,,,,,,
0 Vehicles Available,7.6%,53.8%,38.8%,30.5%,26.2%,17.6%,29.4%,30.7%,39.4%,23.2%,24.2%,36.2%,22.5%,27.4%,32.1%,32.1%,30.6%,16.3%,12.4%,11.9%,14.7%,12.6%,7.9%
1 Vehicle Available,39.0%,37.3%,42.3%,43.6%,46.3%,43.7%,45.5%,51.5%,40.8%,44.1%,42.7%,43.0%,47.5%,42.3%,46.8%,38.4%,40.7%,44.5%,43.3%,42.0%,42.7%,42.0%,42.3%
2 Vehicles Available,38.1%,7.8%,13.8%,18.4%,19.9%,28.9%,19.2%,15.4%,15.7%,24.1%,25.5%,14.6%,23.1%,22.1%,15.3%,22.1%,23.0%,30.6%,30.9%,31.5%,32.4%,33.9%,38.0%
3+ Vehicles Available,15.4%,1.1%,5.2%,7.5%,7.6%,9.9%,6.0%,2.3%,4.2%,8.6%,7.7%,6.2%,6.9%,8.2%,5.8%,7.4%,5.7%,8.6%,13.5%,14.7%,10.3%,11.6%,11.8%
Average Vehicles Per Househo,1.60,0.40,0.70,0.90,1.00,1.20,0.90,0.80,0.70,1.10,1.00,0.70,1.00,1.00,0.80,0.90,0.90,1.20,1.40,1.50,1.30,1.40,1.50
Total Vehicles Available,"23,942","4,305","7,795","17,441","17,061","26,205","12,677","10,456","4,169","14,301","15,438","2,987","17,825","16,017","12,863","7,318","2,517","5,354","32,282","25,733","17,441","27,697","9,793"
 ,,,,,,,,,,,,,,,,,,,,,,,
,,,,,,,,,,,,,,,,,,,,,,,
Population Trend,,,,,,,,,,,,,,,,,,,,,,,
2000,"35,555","15,183","21,861","45,371","42,463","65,574","32,934","25,328","12,306","38,894","39,934","10,315","46,007","44,752","33,499","19,264","6,244","10,515","59,964","45,770","35,631","55,859","14,192"
2010,"36,501","12,954","17,201","28,988","28,433","43,537","22,207","19,827","9,263","32,042","31,280","7,003","39,185","27,549","23,335","13,777","5,908","8,210","47,580","38,749","24,925","44,841","14,172"
   Change 2000 to 2010,2.7%,-14.7%,-21.3%,-36.1%,-33.0%,-33.6%,-32.6%,-21.7%,-24.7%,-17.6%,-21.7%,-32.1%,-14.8%,-38.4%,-30.3%,-28.5%,-5.4%,-21.9%,-20.7%,-15.3%,-30.0%,-19.7%,-0.1%
2021,"36,042","12,412","16,273","27,595","26,122","40,941","20,625","19,747","8,732","28,151","28,965","6,648","37,466","25,139","21,450","12,887","5,798","6,965","45,060","36,908","23,286","41,066","13,877"
2026,"35,795","12,255","15,604","26,198","24,380","38,980","19,286","19,631","8,410","26,118","27,797","6,364","36,736","23,307","20,258","12,206","5,719","6,372","43,450","35,819","22,200","38,822","13,802"
   Change 2021 to 2026,-0.7%,-1.3%,-4.1%,-5.1%,-6.7%,-4.8%,-6.5%,-0.6%,-3.7%,-7.2%,-4.0%,-4.3%,-1.9%,-7.3%,-5.6%,-5.3%,-1.4%,-8.5%,-3.6%,-3.0%,-4.7%,-5.5%,-0.5%
 ,,,,,,,,,,,,,,,,,,,,,,,
Household Trend,,,,,,,,,,,,,,,,,,,,,,,
2000 ,"14,381","7,585","9,005","16,452","15,404","19,486","12,151","11,625","4,826","11,740","12,839","3,183","15,246","14,054","13,333","6,821","2,374","3,973","21,730","16,744","12,324","18,755","6,261"
2010 ,"13,947","7,150","7,593","11,633","11,246","13,924","8,879","10,436","3,791","9,668","9,388","2,279","12,041","9,690","10,410","5,350","2,416","3,216","18,528","14,776","9,488","15,256","5,784"
   Change 2000 to 2010,-5.0%,-9.2%,-20.8%,-33.3%,-0.334-0.334,-32.5%,-32.6%,-9.8%,-26.3%,-27.9%,-31.9%,-33.7%,-24.5%,-37.6%,-28.4%,-27.2%,0.5%,-30.2%,-18.6%,-15.4%,-27.8%,-25.4%,-9.8%
2021,"13,657","6,887","7,135","10,966","10,259","13,148","8,191","10,490","3,559","8,467","8,745","2,111","11,506","8,765","9,545","4,968","2,385","2,773","17,683","14,163","8,900","14,000","5,644"
2026,"13,616","6,848","6,888","10,564","9,679","12,628","7,759","10,572","3,459","7,857","8,384","2,020","11,211","8,240","9,095","4,757","2,387","2,585","17,196","13,857","8,571","13,276","5,597"
   Change 2021 to 2026,-0.3%,-0.6%,-3.5%,-3.7%,-5.7%,-3.9%,-5.3%,0.8%,-2.8%,-7.2%,-4.1%,-4.3%,-2.6%,-6.0%,-4.7%,-4.2%,0.1%,-6.8%,-2.8%,-2.2%,-3.7%,-5.2%,-0.8%
 ,,,,,,,,,,,,,,,,,,,,,,,
Average Household Size Trend,,,,,,,,,,,,,,,,,,,,,,,
2000,2.4,1.8,2.3,2.7,2.7,3.4,2.6,2.1,2.5,3.3,3.1,3.0,2.9,3.1,2.4,2.8,2.5,2.7,2.7,2.7,2.9,3.0,2.2
2010,2.6,1.7,2.1,2.4,2.5,3.1,2.4,1.8,2.2,3.3,3.3,2.8,3.1,2.8,2.2,2.5,2.4,2.6,2.5,2.6,2.6,2.9,2.4
   Change 2000 to 2010,6.5%,-6.3%,-10.3%,-11.0%,-8.5%,-7.7%,-8.0%,-0.1108-0.1108,-10.5%,-0.7%,6.8%,-7.4%,7.3%,-11.5%,-9.0%,-8.6%,-3.5%,-3.6%,-6.8%,-0.0521-0.0521,-7.9%,-1.1%,7.7%
2021,2.6,1.7,2.1,2.4,2.5,3.1,2.4,1.8,2.2,3.3,3.3,2.8,3.1,2.8,2.2,2.5,2.4,2.5,2.5,2.5,2.6,2.9,2.4
2026,2.6,1.7,2.0,2.4,2.5,3.1,2.4,1.8,2.2,3.3,3.3,2.8,3.1,2.8,2.1,2.5,2.3,2.5,2.5,2.5,2.6,2.9,2.4
   Change 2021 to 2026,-0.4%,-0.3%,-1.1%,-1.6%,-1.1%,-0.9%,-1.7%,-1.3%,-1.2%,-0.1%,0.1%,-0.5%,0.5%,-1.6%,-1.2%,-1.2%,-1.9%,-1.9%,-0.9%,-0.8%,-1.0%,-0.3%,0.2%
 ,,,,,,,,,,,,,,,,,,,,,,,
Median Age Trend,,,,,,,,,,,,,,,,,,,,,,,
2000,40.7,35.1,34.4,31.0,32.3,25.0,33.1,38.8,35.3,27.2,28.4,30.8,31.5,27.8,37.5,31.3,32.1,37.8,32.0,37.2,29.0,29.2,38.2
2010,38.2,36.0,34.9,38.5,37.7,28.5,38.1,43.5,36.3,27.9,27.5,32.1,30.6,34.8,43.7,37.3,34.2,39.3,36.6,40.0,34.2,31.2,37.6
2021,38.5,35.5,34.7,38.3,36.9,29.4,36.9,44.6,35.8,28.3,28.4,32.0,31.2,34.2,43.5,37.0,34.2,40.0,37.2,40.8,34.4,31.0,38.4
2026,39.0,36.0,35.4,38.5,37.0,30.5,36.9,44.7,35.9,29.2,29.1,32.0,32.1,34.7,43.6,36.9,35.1,40.2,37.8,41.4,35.5,32.1,39.0
 ,,,,,,,,,,,,,,,,,,,,,,,
Housing Units Trend,,,,,,,,,,,,,,,,,,,,,,,
 ,,,,,,,,,,,,,,,,,,,,,,,
Total Housing Units,,,,,,,,,,,,,,,,,,,,,,,
   Change 2000 to 2010,1.1%,-0.6%,-0.7%,-16.5%,-10.6%,-12.9%,-8.6%,-1.1%,-17.9%,-7.5%,-15.7%,-21.0%,-10.6%,-18.3%,-11.1%,-10.5%,5.7%,-7.7%,-0.6%,-0.8%,-8.8%,-2.5%,-0.2%
   Change 2021 to 2026,0.4%,-0.4%,-1.8%,-1.9%,-3.8%,-2.0%,-3.2%,2.0%,-2.1%,-6.0%,-2.5%,-3.2%,-1.2%,-4.3%,-3.4%,-3.0%,1.0%,-5.4%,-1.2%,-1.0%,-2.2%,-3.5%,0.2%
Owner Occupied Housing Units,,,,,,,,,,,,,,,,,,,,,,,
   Change 2000 to 2010,-11.2%,105.0%,-13.6%,-28.6%,-27.8%,-35.9%,-27.9%,-10.9%,-27.0%,-18.2%,-28.2%,-27.9%,-21.8%,-29.4%,-25.5%,-16.3%,-1.8%,-25.3%,-24.0%,-18.6%,-24.7%,-32.3%,-19.9%
   Change 2021 to 2026,-0.7%,0.1%,-4.6%,-4.0%,-5.4%,-5.1%,-4.7%,-0.4%,-2.1%,-6.9%,-3.5%,-4.3%,-2.6%,-6.2%,-5.3%,-4.1%,0.3%,-6.2%,-3.0%,-2.5%,-3.1%,-5.4%,-1.3%
Renter Occupied Housing Units,,,,,,,,,,,,,,,,,,,,,,,
   Change 2000 to 2010,38.4%,-10.1%,-16.5%,-29.8%,-26.1%,-15.3%,-26.2%,-10.0%,-18.8%,-17.2%,-0.2551-0.2551,-28.8%,-20.0%,-32.8%,-19.5%,-25.5%,4.0%,-3.7%,3.8%,7.7%,-20.4%,15.7%,49.2%
   Change 2021 to 2026,0.7%,-0.6%,-3.0%,-3.4%,-5.9%,-3.0%,-5.8%,1.2%,-3.1%,-7.5%,-4.8%,-4.3%,-2.6%,-5.8%,-4.3%,-4.4%,0.0%,-7.9%,-2.5%,-1.7%,-4.4%,-4.9%,0.2%
Vacant Housing Units,,,,,,,,,,,,,,,,,,,,,,,
   Change 2000 to 2010,155.2%,18.4%,78.9%,68.5%,106.8%,159.0%,84.0%,81.6%,-4.9%,74.4%,57.0%,8.6%,71.1%,75.9%,55.6%,46.2%,23.2%,127.2%,256.3%,214.5%,141.9%,249.0%,210.5%
   Change 2021 to 2026,6.9%,0.0%,2.1%,2.7%,0.5%,3.5%,0.7%,6.7%,-0.2%,-1.7%,1.9%,-0.5%,3.2%,0.2%,0.5%,0.3%,3.8%,-0.3%,4.9%,4.7%,2.3%,2.0%,6.9%
 ,,,,,,,,,,,,,,,,,,,,,,,
Race and Ethnicity Trend,,,,,,,,,,,,,,,,,,,,,,,
 ,,,,,,,,,,,,,,,,,,,,,,,
"American Indian, Eskimo, Aleut",,,,,,,,,,,,,,,,,,,,,,,
   Change 2000 to 2010,-52.8%,63.6%,24.7%,-38.3%,6.5%,-49.2%,-11.2%,64.9%,-46.8%,15.4%,-21.0%,-41.5%,-50.6%,-40.6%,-52.3%,-9.6%,-68.5%,-45.6%,-24.2%,18.2%,-64.9%,5.9%,-62.9%
   Change 2021 to 2026,0.0%,-2.8%,-1.7%,-1.1%,-1.7%,-0.1%,-1.2%,-1.0%,-2.1%,-7.7%,-2.7%,-3.5%,-0.8%,-4.5%,-5.1%,-2.3%,-3.7%,-10.0%,-2.0%,-2.0%,-5.4%,-5.5%,0.0%
Asian and Native Hawaiian/Other Pacific Islander,,,,,,,,,,,,,,,,,,,,,,,
   Change 2000 to 2010,-20.3%,-12.0%,-25.7%,-26.8%,-85.4%,-65.3%,-57.9%,-25.1%,-18.5%,-14.0%,-57.1%,-2.1%,122.3%,8.2%,-45.3%,-64.9%,-55.3%,-0.68-0.68,-50.9%,-41.6%,-81.7%,-62.1%,-0.7%
   Change 2021 to 2026,10.8%,6.5%,3.1%,2.9%,0.0%,0.0%,2.1%,9.1%,2.6%,-4.0%,0.0%,7.4%,4.4%,0.5%,2.9%,2.4%,11.6%,-0.2-0.2,3.6%,4.5%,0.0%,4.8%,8.4%
Black,,,,,,,,,,,,,,,,,,,,,,,
   Change 2000 to 2010,219.8%,-20.7%,-24.7%,-32.0%,-33.1%,-27.4%,-33.0%,-22.3%,-28.1%,-10.3%,-42.1%,-40.3%,-26.8%,-38.6%,-30.0%,-25.8%,25.7%,-26.7%,-16.0%,-15.5%,-24.9%,-10.0%,372.8%
   Change 2021 to 2026,2.2%,-1.5%,-4.6%,-5.2%,-6.9%,-4.9%,-6.7%,-0.9%,-3.8%,-10.3%,-5.3%,-5.9%,-3.9%,-7.5%,-5.8%,-5.5%,-2.3%,-6.5%,-3.6%,-3.1%,-4.5%,-5.6%,1.3%
White,,,,,,,,,,,,,,,,,,,,,,,
   Change 2000 to 2010,-2.1%,8.1%,6.3%,-63.9%,-48.1%,-69.7%,-7.3%,-22.2%,-4.4%,-19.5%,-10.5%,19.3%,-17.8%,-45.9%,-40.7%,-52.2%,-5.7%,-10.4%,-52.6%,-26.5%,-58.4%,-64.1%,-42.9%
   Change 2021 to 2026,-2.2%,-6.1%,-7.0%,-8.5%,-6.8%,-7.8%,-7.7%,-2.9%,-6.0%,-10.1%,-7.3%,-5.6%,-7.4%,-8.9%,-7.4%,-7.8%,-3.1%,-23.4%,-6.6%,-6.0%,-9.2%,-7.9%,-3.5%
Other,,,,,,,,,,,,,,,,,,,,,,,
   Change 2000 to 2010,-20.7%,-40.0%,-36.0%,-32.7%,59.7%,-26.5%,-72.2%,-51.4%,56.0%,-17.5%,11.6%,-28.7%,-26.2%,-56.1%,-26.1%,-69.5%,-40.1%,69.7%,-39.7%,9.7%,-48.3%,-42.0%,77.4%
   Change 2021 to 2026,6.9%,6.0%,-0.1%,0.0%,-1.8%,-4.1%,-3.2%,5.1%,1.6%,-4.2%,-0.1%,3.1%,1.8%,-2.9%,-1.6%,-3.7%,2.1%,-26.2%,1.2%,0.8%,-2.2%,-1.5%,1.7%
Two or More Races,,,,,,,,,,,,,,,,,,,,,,,
   Change 2000 to 2010,-12.7%,14.0%,10.7%,-62.3%,-16.7%,-49.9%,-8.1%,27.4%,7.2%,-19.7%,-39.7%,-64.4%,-65.1%,-5.8%,32.7%,-0.1715-0.1715,16.6%,57.5%,-17.2%,33.2%,-16.2%,-5.3%,104.2%
   Change 2021 to 2026,17.3%,11.8%,8.2%,6.4%,4.4%,6.7%,5.3%,14.0%,8.3%,-1.2%,4.3%,13.7%,12.2%,4.5%,8.3%,8.1%,7.6%,-6.4%,9.5%,8.4%,6.8%,7.6%,15.1%
Hispanic Ethnicity,,,,,,,,,,,,,,,,,,,,,,,
   Change 2000 to 2010,0.3%,-21.9%,93.1%,14.2%,-0.9%,-29.3%,-9.7%,-21.9%,81.9%,-1.5%,26.9%,-17.7%,-30.6%,-45.7%,-22.9%,-63.4%,-20.1%,73.9%,-16.1%,-10.0%,-13.5%,-25.1%,2.7%
   Change 2021 to 2026,9.6%,6.3%,2.7%,1.6%,-0.4%,2.4%,1.2%,7.0%,2.4%,-4.9%,-1.0%,3.1%,5.1%,0.4%,2.1%,0.3%,1.5%,-21.0%,4.3%,4.4%,-0.2%,3.4%,7.8%
Not of Hispanic Ethnicity,,,,,,,,,,,,,,,,,,,,,,,
   Change 2000 to 2010,2.7%,-14.5%,-22.0%,-36.5%,-33.3%,-33.6%,-32.8%,-21.7%,-26.7%,-39.9%,-42.3%,-32.3%,-14.5%,-38.4%,-30.4%,-27.9%,5.5%,-27.6%,-20.7%,-15.4%,-30.2%,-19.7%,-0.2%
   Change 2021 to 2026,-1.2%,-1.4%,-4.2%,-5.2%,-6.7%,-4.9%,-6.6%,-0.7%,-4.0%,-14.7%,-7.7%,-4.4%,-2.1%,-7.3%,-5.6%,-5.3%,-3.3%,-7.2%,-3.7%,-3.0%,-4.7%,-5.6%,-0.7%
 ,,,,,,,,,,,,,,,,,,,,,,,
,,,,,,,,,,,,,,,,,,,,,,,
 ,,,,,,,,,,,,,,,,,,,,,,,
"*Report counts include D&B business location records that have a valid telephone, known SIC code and D&B ratingas well as exclude cottage industries (businesses that operate from a residence).",,,,,,,,,,,,,,,,,,,,,,,
"Copyright 2022 Dun and Bradstreet, Inc. All rights reserved 
© 2017 Easy Analytic Software, Inc. (EASI®) All Rights Reserved, Alteryx, Inc. 
© 2021 Experian Information Solutions, Inc. • All rights reserved 
© 2021 Experian Marketing Solutions, Inc. • All rights reserved 
Â© 2022 Alteryx, Inc. All Rights Reserved 
",,,,,,,,,,,,,,,,,,,,,,,
,,,,,,,,,,,,,,,,,,,,,,,